[
{
  "model": "sessions.session",
  "pk": "nm9r7fc9t143ffrl509jv6hm74wg4t37",
  "fields": {
    "session_data": ".eJxVjEEOwiAQRe_C2pBhCHRw6d4zkAGmUjU0Ke3KeHdt0oVu_3vvv1Tkba1x67LEqaizMqBOv2Pi_JC2k3Lndpt1ntu6TEnvij5o19e5yPNyuH8HlXv91gMhIgQkCoSjhJKcd4Fc8o4GDBkkc04WBMEYdmSE2QNbDxZhtKLeH9USNw0:1w01sp:nkXXYvUfJqmHd6IEDLr_fnji-t9GB0sM5XpEthUiRBA",
    "expire_date": "2026-03-24T18:32:43.172Z"
  }
},
{
  "model": "accounts.user",
  "fields": {
    "password": "pbkdf2_sha256$600000$TbszxTN1AehYYdk6OZfRhh$P9dNmA+oAkc8enWHmKcPUTlj0EkvrtrHaZFevF2qkKA=",
    "last_login": null,
    "is_superuser": true,
    "first_name": "Admin",
    "last_name": "User",
    "is_staff": true,
    "is_active": true,
    "date_joined": "2026-01-01T09:00:00Z",
    "email": "admin@brfn.com",
    "role": "admin",
    "phone": "",
    "groups": [],
    "user_permissions": []
  }
},
{
  "model": "accounts.user",
  "fields": {
    "password": "pbkdf2_sha256$600000$NVzf3dJGGfm7WPzmWHAE6i$4yT0IzczL+mverdVKC86NYj3zxmYux88o/VpFBrKKNw=",
    "last_login": null,
    "is_superuser": false,
    "first_name": "Jane",
    "last_name": "Smith",
    "is_staff": false,
    "is_active": true,
    "date_joined": "2026-01-01T09:00:00Z",
    "email": "jane.smith@bristolvalleyfarm.com",
    "role": "producer",
    "phone": "01179 123456",
    "groups": [],
    "user_permissions": []
  }
},
{
  "model": "accounts.user",
  "fields": {
    "password": "pbkdf2_sha256$600000$qSAE5eaXzdyLAfnBul8Dgj$YVNLJeerrscId1jaqvEEjNLunwY98Hbne8/LSq6Rm5w=",
    "last_login": null,
    "is_superuser": false,
    "first_name": "Tom",
    "last_name": "Hartley",
    "is_staff": false,
    "is_active": true,
    "date_joined": "2026-01-01T09:00:00Z",
    "email": "tom.hartley@hillsidedairy.co.uk",
    "role": "producer",
    "phone": "01179 654321",
    "groups": [],
    "user_permissions": []
  }
},
{
  "model": "accounts.user",
  "fields": {
    "password": "pbkdf2_sha256$600000$oanCOoQxwWysV8z92OI6bb$S2pF5z3XAbPK2d6850r74wFt4pBcNg1DD5RBqhKgiEE=",
    "last_login": null,
    "is_superuser": false,
    "first_name": "David",
    "last_name": "Marsh",
    "is_staff": false,
    "is_active": true,
    "date_joined": "2026-01-01T09:00:00Z",
    "email": "david.marsh@greenacresfarm.co.uk",
    "role": "producer",
    "phone": "01179 789012",
    "groups": [],
    "user_permissions": []
  }
},
{
  "model": "accounts.user",
  "fields": {
    "password": "pbkdf2_sha256$600000$RJyUBonhMDsRXbS85n5Aip$lGClRvuoP7W4DDutFb2cxe4o+UKj/jVgxVbXFNtFdvA=",
    "last_login": null,
    "is_superuser": false,
    "first_name": "Helen",
    "last_name": "Price",
    "is_staff": false,
    "is_active": true,
    "date_joined": "2026-01-01T09:00:00Z",
    "email": "helen.price@orchardviewfarm.co.uk",
    "role": "producer",
    "phone": "01179 321098",
    "groups": [],
    "user_permissions": []
  }
},
{
  "model": "accounts.user",
  "fields": {
    "password": "pbkdf2_sha256$600000$Hr4p1KcaGgdgz2tkcEOud0$bjH4jgJ1JZZIrWvc17jqWLwYgmjBsKrxhfTi4HzU5HU=",
    "last_login": null,
    "is_superuser": false,
    "first_name": "Paul",
    "last_name": "Baker",
    "is_staff": false,
    "is_active": true,
    "date_joined": "2026-01-01T09:00:00Z",
    "email": "paul.baker@severnvalleybakers.co.uk",
    "role": "producer",
    "phone": "01179 456789",
    "groups": [],
    "user_permissions": []
  }
},
{
  "model": "accounts.user",
  "fields": {
    "password": "pbkdf2_sha256$600000$YEKoN952ythiVV2mkyPDE8$Q5okB7348FQjn2o0vD/3dhPFG5q3kef74GnLwLtLZC0=",
    "last_login": null,
    "is_superuser": false,
    "first_name": "Sarah",
    "last_name": "Bee",
    "is_staff": false,
    "is_active": true,
    "date_joined": "2026-01-01T09:00:00Z",
    "email": "sarah.bee@hartcliffehoney.co.uk",
    "role": "producer",
    "phone": "01179 567890",
    "groups": [],
    "user_permissions": []
  }
},
{
  "model": "accounts.user",
  "fields": {
    "password": "pbkdf2_sha256$600000$Ww26TsRzqr0HOgrvsYhids$tXMrXo6HXFUiBSgcfRukY6jTrGH2GhxoWeFtOCr/YEM=",
    "last_login": null,
    "is_superuser": false,
    "first_name": "Neil",
    "last_name": "Foster",
    "is_staff": false,
    "is_active": true,
    "date_joined": "2026-01-01T09:00:00Z",
    "email": "neil.foster@redlandfreerange.co.uk",
    "role": "producer",
    "phone": "01179 678901",
    "groups": [],
    "user_permissions": []
  }
},
{
  "model": "accounts.user",
  "fields": {
    "password": "pbkdf2_sha256$600000$44m1cc5lvPHBgMl7gsyZlt$3a5c7jkpCd9MWPDOUtNn0UUe2aspYdyBgAO7thPns+g=",
    "last_login": null,
    "is_superuser": false,
    "first_name": "Margaret",
    "last_name": "Cook",
    "is_staff": false,
    "is_active": true,
    "date_joined": "2026-01-01T09:00:00Z",
    "email": "margaret.cook@cliftonpreserves.co.uk",
    "role": "producer",
    "phone": "01179 890123",
    "groups": [],
    "user_permissions": []
  }
},
{
  "model": "accounts.user",
  "fields": {
    "password": "pbkdf2_sha256$600000$rVIzlfS4pbIxcnozhtqIjs$M3PBVlgY0sab+FqXIsrI7dUo0fdjAOlJ461QnbWytGU=",
    "last_login": "2026-03-10T18:32:43.172Z",
    "is_superuser": false,
    "first_name": "",
    "last_name": "",
    "is_staff": false,
    "is_active": true,
    "date_joined": "2026-03-10T18:32:43.070Z",
    "email": "test@producer.com",
    "role": "producer",
    "phone": "+44123456789",
    "groups": [],
    "user_permissions": []
  }
},
{
  "model": "accounts.user",
  "fields": {
    "password": "pbkdf2_sha256$600000$0WiA6wdL4vy3Z0lrt5ZWtm$YnbLsQaADAmG3dVUQPphEmAafSCOO9kIwoQlOE6IW/A=",
    "last_login": null,
    "is_superuser": false,
    "first_name": "",
    "last_name": "",
    "is_staff": false,
    "is_active": true,
    "date_joined": "2026-03-10T19:18:21.988Z",
    "email": "test@test.com",
    "role": "customer",
    "phone": "",
    "groups": [],
    "user_permissions": []
  }
},
{
  "model": "accounts.producerprofile",
  "pk": 1,
  "fields": {
    "user": [
      "jane.smith@bristolvalleyfarm.com"
    ],
    "business_name": "Bristol Valley Farm",
    "contact_name": "Jane Smith",
    "business_address": "Stoke Park Road, Bristol",
    "postcode": "BS16 1GW",
    "latitude": "51.490200",
    "longitude": "-2.531400",
    "created_at": "2026-01-01T09:00:00Z",
    "updated_at": "2026-01-01T09:00:00Z"
  }
},
{
  "model": "accounts.producerprofile",
  "pk": 2,
  "fields": {
    "user": [
      "tom.hartley@hillsidedairy.co.uk"
    ],
    "business_name": "Hillside Dairy",
    "contact_name": "Tom Hartley",
    "business_address": "Clifton Down Road, Bristol",
    "postcode": "BS8 1TH",
    "latitude": "51.461200",
    "longitude": "-2.614300",
    "created_at": "2026-01-01T09:00:00Z",
    "updated_at": "2026-01-01T09:00:00Z"
  }
},
{
  "model": "accounts.producerprofile",
  "pk": 3,
  "fields": {
    "user": [
      "david.marsh@greenacresfarm.co.uk"
    ],
    "business_name": "Green Acres Farm",
    "contact_name": "David Marsh",
    "business_address": "Westbury Lane, Bristol",
    "postcode": "BS9 1JG",
    "latitude": "51.487500",
    "longitude": "-2.635200",
    "created_at": "2026-01-01T09:00:00Z",
    "updated_at": "2026-01-01T09:00:00Z"
  }
},
{
  "model": "accounts.producerprofile",
  "pk": 4,
  "fields": {
    "user": [
      "helen.price@orchardviewfarm.co.uk"
    ],
    "business_name": "Orchard View Farm",
    "contact_name": "Helen Price",
    "business_address": "Long Ashton Road, Bristol",
    "postcode": "BS41 9LB",
    "latitude": "51.430100",
    "longitude": "-2.659800",
    "created_at": "2026-01-01T09:00:00Z",
    "updated_at": "2026-01-01T09:00:00Z"
  }
},
{
  "model": "accounts.producerprofile",
  "pk": 5,
  "fields": {
    "user": [
      "paul.baker@severnvalleybakers.co.uk"
    ],
    "business_name": "Severn Valley Bakers",
    "contact_name": "Paul Baker",
    "business_address": "Bedminster Down Road, Bristol",
    "postcode": "BS13 7AB",
    "latitude": "51.426500",
    "longitude": "-2.601700",
    "created_at": "2026-01-01T09:00:00Z",
    "updated_at": "2026-01-01T09:00:00Z"
  }
},
{
  "model": "accounts.producerprofile",
  "pk": 6,
  "fields": {
    "user": [
      "sarah.bee@hartcliffehoney.co.uk"
    ],
    "business_name": "Hartcliffe Honey",
    "contact_name": "Sarah Bee",
    "business_address": "Hartcliffe Way, Bristol",
    "postcode": "BS13 0JA",
    "latitude": "51.408900",
    "longitude": "-2.594600",
    "created_at": "2026-01-01T09:00:00Z",
    "updated_at": "2026-01-01T09:00:00Z"
  }
},
{
  "model": "accounts.producerprofile",
  "pk": 7,
  "fields": {
    "user": [
      "neil.foster@redlandfreerange.co.uk"
    ],
    "business_name": "Redland Free Range",
    "contact_name": "Neil Foster",
    "business_address": "Redland Road, Bristol",
    "postcode": "BS6 6YB",
    "latitude": "51.468300",
    "longitude": "-2.601200",
    "created_at": "2026-01-01T09:00:00Z",
    "updated_at": "2026-01-01T09:00:00Z"
  }
},
{
  "model": "accounts.producerprofile",
  "pk": 8,
  "fields": {
    "user": [
      "margaret.cook@cliftonpreserves.co.uk"
    ],
    "business_name": "Clifton Preserves",
    "contact_name": "Margaret Cook",
    "business_address": "Whiteladies Road, Bristol",
    "postcode": "BS8 2NT",
    "latitude": "51.463700",
    "longitude": "-2.608900",
    "created_at": "2026-01-01T09:00:00Z",
    "updated_at": "2026-01-01T09:00:00Z"
  }
},
{
  "model": "accounts.producerprofile",
  "pk": 9,
  "fields": {
    "user": [
      "test@producer.com"
    ],
    "business_name": "brisotl",
    "contact_name": "test test",
    "business_address": "bristol.com",
    "postcode": "123456",
    "latitude": null,
    "longitude": null,
    "created_at": "2026-03-10T18:32:43.170Z",
    "updated_at": "2026-03-10T18:32:43.170Z"
  }
},
{
  "model": "marketplace.productcategory",
  "pk": 1,
  "fields": {
    "name": "Vegetables",
    "created_at": null
  }
},
{
  "model": "marketplace.productcategory",
  "pk": 2,
  "fields": {
    "name": "Fruit",
    "created_at": null
  }
},
{
  "model": "marketplace.productcategory",
  "pk": 3,
  "fields": {
    "name": "Dairy",
    "created_at": null
  }
},
{
  "model": "marketplace.productcategory",
  "pk": 4,
  "fields": {
    "name": "Meat",
    "created_at": null
  }
},
{
  "model": "marketplace.productcategory",
  "pk": 5,
  "fields": {
    "name": "Bakery",
    "created_at": null
  }
},
{
  "model": "marketplace.productcategory",
  "pk": 6,
  "fields": {
    "name": "Preserves",
    "created_at": null
  }
},
{
  "model": "marketplace.productcategory",
  "pk": 7,
  "fields": {
    "name": "Seasonal Specialities",
    "created_at": null
  }
},
{
  "model": "marketplace.product",
  "pk": "a1b2c3d4-0001-0001-0001-000000000001",
  "fields": {
    "producer": 1,
    "category": 1,
    "name": "Organic Carrots",
    "description": "Freshly harvested organic Chantenay carrots, grown without pesticides. Sweet and tender, perfect for roasting or juicing.",
    "price_pence": 250,
    "unit": "kg",
    "availability": "in_season",
    "seasonal_start_month": 6,
    "seasonal_end_month": 11,
    "stock_qty": 80,
    "low_stock_threshold": 10,
    "organic_certified": true,
    "harvest_date": "2026-02-20",
    "best_before_date": "2026-03-06",
    "created_at": "2026-01-01T09:00:00Z",
    "updated_at": "2026-01-01T09:00:00Z"
  }
},
{
  "model": "marketplace.product",
  "pk": "a1b2c3d4-0001-0001-0001-000000000002",
  "fields": {
    "producer": 1,
    "category": 1,
    "name": "Organic Tomatoes",
    "description": "Vine-ripened organic tomatoes, rich in flavour. Hand-picked daily from our polytunnels. Ideal for salads, sauces, and slow-roasting.",
    "price_pence": 300,
    "unit": "kg",
    "availability": "in_season",
    "seasonal_start_month": 6,
    "seasonal_end_month": 10,
    "stock_qty": 60,
    "low_stock_threshold": 10,
    "organic_certified": true,
    "harvest_date": "2026-02-22",
    "best_before_date": "2026-03-01",
    "created_at": "2026-01-01T09:00:00Z",
    "updated_at": "2026-01-01T09:00:00Z"
  }
},
{
  "model": "marketplace.product",
  "pk": "a1b2c3d4-0001-0001-0001-000000000003",
  "fields": {
    "producer": 1,
    "category": 1,
    "name": "Courgettes",
    "description": "Tender organic courgettes, harvested young for the best flavour. Versatile in stir-fries, pasta dishes, or simply grilled with olive oil.",
    "price_pence": 180,
    "unit": "each",
    "availability": "in_season",
    "seasonal_start_month": 6,
    "seasonal_end_month": 9,
    "stock_qty": 45,
    "low_stock_threshold": 8,
    "organic_certified": true,
    "harvest_date": "2026-02-23",
    "best_before_date": "2026-03-02",
    "created_at": "2026-01-01T09:00:00Z",
    "updated_at": "2026-01-01T09:00:00Z"
  }
},
{
  "model": "marketplace.product",
  "pk": "a1b2c3d4-0001-0001-0001-000000000004",
  "fields": {
    "producer": 3,
    "category": 1,
    "name": "Salad Potatoes",
    "description": "Creamy Nicola salad potatoes, excellent boiled, roasted, or in potato salads. Consistent, smooth-skinned, and full of flavour.",
    "price_pence": 200,
    "unit": "kg",
    "availability": "available_year_round",
    "seasonal_start_month": null,
    "seasonal_end_month": null,
    "stock_qty": 120,
    "low_stock_threshold": 15,
    "organic_certified": false,
    "harvest_date": "2026-02-15",
    "best_before_date": "2026-03-15",
    "created_at": "2026-01-01T09:00:00Z",
    "updated_at": "2026-01-01T09:00:00Z"
  }
},
{
  "model": "marketplace.product",
  "pk": "a1b2c3d4-0001-0001-0001-000000000005",
  "fields": {
    "producer": 3,
    "category": 1,
    "name": "Red Onions",
    "description": "Mild, sweet red onions straight from our fields. Great raw in salads, caramelised in a pan, or slow-roasted whole.",
    "price_pence": 150,
    "unit": "kg",
    "availability": "available_year_round",
    "seasonal_start_month": null,
    "seasonal_end_month": null,
    "stock_qty": 100,
    "low_stock_threshold": 15,
    "organic_certified": false,
    "harvest_date": "2026-02-10",
    "best_before_date": "2026-03-25",
    "created_at": "2026-01-01T09:00:00Z",
    "updated_at": "2026-01-01T09:00:00Z"
  }
},
{
  "model": "marketplace.product",
  "pk": "a1b2c3d4-0001-0001-0001-000000000006",
  "fields": {
    "producer": 1,
    "category": 1,
    "name": "Organic Lettuce",
    "description": "Crisp organic butterhead lettuce, freshly cut. A staple for any salad lover. Grown in our open fields with no artificial inputs.",
    "price_pence": 120,
    "unit": "head",
    "availability": "in_season",
    "seasonal_start_month": 4,
    "seasonal_end_month": 10,
    "stock_qty": 50,
    "low_stock_threshold": 10,
    "organic_certified": true,
    "harvest_date": "2026-02-24",
    "best_before_date": "2026-02-28",
    "created_at": "2026-01-01T09:00:00Z",
    "updated_at": "2026-01-01T09:00:00Z"
  }
},
{
  "model": "marketplace.product",
  "pk": "a1b2c3d4-0001-0001-0001-000000000007",
  "fields": {
    "producer": 3,
    "category": 1,
    "name": "Stored Potatoes",
    "description": "Classic Maris Piper baking and chipping potatoes, stored from our autumn harvest. Available year-round and perfect for every cooking method.",
    "price_pence": 150,
    "unit": "kg",
    "availability": "available_year_round",
    "seasonal_start_month": null,
    "seasonal_end_month": null,
    "stock_qty": 200,
    "low_stock_threshold": 20,
    "organic_certified": false,
    "harvest_date": "2025-10-01",
    "best_before_date": "2026-04-01",
    "created_at": "2026-01-01T09:00:00Z",
    "updated_at": "2026-01-01T09:00:00Z"
  }
},
{
  "model": "marketplace.product",
  "pk": "a1b2c3d4-0001-0001-0001-000000000008",
  "fields": {
    "producer": 1,
    "category": 1,
    "name": "Mixed Salad Leaves",
    "description": "A seasonal blend of rocket, mizuna, spinach, and mustard leaves. Harvested fresh each morning and ready to eat straight from the bag.",
    "price_pence": 200,
    "unit": "100g bag",
    "availability": "in_season",
    "seasonal_start_month": 3,
    "seasonal_end_month": 10,
    "stock_qty": 35,
    "low_stock_threshold": 8,
    "organic_certified": true,
    "harvest_date": "2026-02-25",
    "best_before_date": "2026-02-28",
    "created_at": "2026-01-01T09:00:00Z",
    "updated_at": "2026-01-01T09:00:00Z"
  }
},
{
  "model": "marketplace.product",
  "pk": "a1b2c3d4-0001-0001-0001-000000000009",
  "fields": {
    "producer": 3,
    "category": 1,
    "name": "Butternut Squash",
    "description": "Dense and sweet butternut squash from our autumn crop. Perfect for soups, roasting, or stuffed as a centrepiece dish.",
    "price_pence": 180,
    "unit": "each",
    "availability": "available_year_round",
    "seasonal_start_month": null,
    "seasonal_end_month": null,
    "stock_qty": 55,
    "low_stock_threshold": 10,
    "organic_certified": false,
    "harvest_date": "2025-10-20",
    "best_before_date": "2026-03-20",
    "created_at": "2026-01-01T09:00:00Z",
    "updated_at": "2026-01-01T09:00:00Z"
  }
},
{
  "model": "marketplace.product",
  "pk": "a1b2c3d4-0001-0001-0001-000000000010",
  "fields": {
    "producer": 4,
    "category": 2,
    "name": "Fresh Apples",
    "description": "Crisp Cox and Bramley apples, hand-picked from our heritage orchard. A classic British apple, great for eating, baking, and juicing.",
    "price_pence": 200,
    "unit": "kg",
    "availability": "available_year_round",
    "seasonal_start_month": null,
    "seasonal_end_month": null,
    "stock_qty": 80,
    "low_stock_threshold": 10,
    "organic_certified": false,
    "harvest_date": "2025-10-05",
    "best_before_date": "2026-03-10",
    "created_at": "2026-01-01T09:00:00Z",
    "updated_at": "2026-01-01T09:00:00Z"
  }
},
{
  "model": "marketplace.product",
  "pk": "a1b2c3d4-0001-0001-0001-000000000011",
  "fields": {
    "producer": 1,
    "category": 2,
    "name": "Strawberries",
    "description": "Sweet, locally grown organic strawberries, picked at peak ripeness. Available June to August — the taste of summer.",
    "price_pence": 350,
    "unit": "punnet (400g)",
    "availability": "out_of_season",
    "seasonal_start_month": 6,
    "seasonal_end_month": 8,
    "stock_qty": 0,
    "low_stock_threshold": 10,
    "organic_certified": true,
    "harvest_date": null,
    "best_before_date": null,
    "created_at": "2026-01-01T09:00:00Z",
    "updated_at": "2026-01-01T09:00:00Z"
  }
},
{
  "model": "marketplace.product",
  "pk": "a1b2c3d4-0001-0001-0001-000000000012",
  "fields": {
    "producer": 4,
    "category": 2,
    "name": "Conference Pears",
    "description": "Juicy, perfectly ripe Conference pears from our orchard. Long-keeping variety, ideal for eating fresh or poaching in spiced wine.",
    "price_pence": 220,
    "unit": "kg",
    "availability": "available_year_round",
    "seasonal_start_month": null,
    "seasonal_end_month": null,
    "stock_qty": 60,
    "low_stock_threshold": 10,
    "organic_certified": false,
    "harvest_date": "2025-10-10",
    "best_before_date": "2026-03-01",
    "created_at": "2026-01-01T09:00:00Z",
    "updated_at": "2026-01-01T09:00:00Z"
  }
},
{
  "model": "marketplace.product",
  "pk": "a1b2c3d4-0001-0001-0001-000000000013",
  "fields": {
    "producer": 7,
    "category": 3,
    "name": "Organic Free Range Eggs",
    "description": "Fresh organic eggs from free-range hens, collected daily. Our hens roam open pastures and are fed a certified organic diet. Rich, deep-yellow yolks.",
    "price_pence": 350,
    "unit": "dozen",
    "availability": "available_year_round",
    "seasonal_start_month": null,
    "seasonal_end_month": null,
    "stock_qty": 50,
    "low_stock_threshold": 10,
    "organic_certified": true,
    "harvest_date": "2026-02-25",
    "best_before_date": "2026-03-25",
    "created_at": "2026-01-01T09:00:00Z",
    "updated_at": "2026-01-01T09:00:00Z"
  }
},
{
  "model": "marketplace.product",
  "pk": "a1b2c3d4-0001-0001-0001-000000000014",
  "fields": {
    "producer": 2,
    "category": 3,
    "name": "Fresh Whole Milk",
    "description": "Unhomogenised whole milk from our grass-fed Friesian herd, bottled daily at the farm. Creamy, fresh, and full of natural goodness.",
    "price_pence": 120,
    "unit": "litre",
    "availability": "available_year_round",
    "seasonal_start_month": null,
    "seasonal_end_month": null,
    "stock_qty": 80,
    "low_stock_threshold": 15,
    "organic_certified": false,
    "harvest_date": "2026-02-26",
    "best_before_date": "2026-03-03",
    "created_at": "2026-01-01T09:00:00Z",
    "updated_at": "2026-01-01T09:00:00Z"
  }
},
{
  "model": "marketplace.product",
  "pk": "a1b2c3d4-0001-0001-0001-000000000015",
  "fields": {
    "producer": 2,
    "category": 3,
    "name": "Mature Cheddar Cheese",
    "description": "Traditionally made mature cheddar, aged for 12 months in our cellars. A robust, nutty flavour with a crumbly texture.",
    "price_pence": 550,
    "unit": "200g",
    "availability": "available_year_round",
    "seasonal_start_month": null,
    "seasonal_end_month": null,
    "stock_qty": 40,
    "low_stock_threshold": 8,
    "organic_certified": false,
    "harvest_date": null,
    "best_before_date": "2026-06-01",
    "created_at": "2026-01-01T09:00:00Z",
    "updated_at": "2026-01-01T09:00:00Z"
  }
},
{
  "model": "marketplace.product",
  "pk": "a1b2c3d4-0001-0001-0001-000000000016",
  "fields": {
    "producer": 2,
    "category": 3,
    "name": "Natural Yoghurt",
    "description": "Thick, creamy natural set yoghurt made from our fresh whole milk. Live cultures, no additives or sweeteners. Perfect with fruit, granola, or savoury dishes.",
    "price_pence": 200,
    "unit": "500g",
    "availability": "available_year_round",
    "seasonal_start_month": null,
    "seasonal_end_month": null,
    "stock_qty": 35,
    "low_stock_threshold": 8,
    "organic_certified": false,
    "harvest_date": null,
    "best_before_date": "2026-03-10",
    "created_at": "2026-01-01T09:00:00Z",
    "updated_at": "2026-01-01T09:00:00Z"
  }
},
{
  "model": "marketplace.product",
  "pk": "a1b2c3d4-0001-0001-0001-000000000017",
  "fields": {
    "producer": 2,
    "category": 3,
    "name": "Double Cream",
    "description": "Rich, indulgent double cream from our Jersey-Friesian cross herd. 48% butterfat for the most luxurious whipping or pouring cream.",
    "price_pence": 180,
    "unit": "250ml",
    "availability": "available_year_round",
    "seasonal_start_month": null,
    "seasonal_end_month": null,
    "stock_qty": 30,
    "low_stock_threshold": 6,
    "organic_certified": false,
    "harvest_date": null,
    "best_before_date": "2026-03-08",
    "created_at": "2026-01-01T09:00:00Z",
    "updated_at": "2026-01-01T09:00:00Z"
  }
},
{
  "model": "marketplace.product",
  "pk": "a1b2c3d4-0001-0001-0001-000000000018",
  "fields": {
    "producer": 2,
    "category": 3,
    "name": "Soft Goat's Cheese",
    "description": "Fresh, mild soft goat's cheese from our small herd of Saanen goats. Beautifully spreadable with a clean, lightly tangy flavour.",
    "price_pence": 420,
    "unit": "150g",
    "availability": "available_year_round",
    "seasonal_start_month": null,
    "seasonal_end_month": null,
    "stock_qty": 20,
    "low_stock_threshold": 5,
    "organic_certified": false,
    "harvest_date": null,
    "best_before_date": "2026-03-15",
    "created_at": "2026-01-01T09:00:00Z",
    "updated_at": "2026-01-01T09:00:00Z"
  }
},
{
  "model": "marketplace.product",
  "pk": "a1b2c3d4-0001-0001-0001-000000000019",
  "fields": {
    "producer": 5,
    "category": 5,
    "name": "Walnut Bread",
    "description": "A rustic sourdough loaf packed with whole walnuts and a hint of honey. Baked fresh each morning in our wood-fired oven.",
    "price_pence": 350,
    "unit": "loaf",
    "availability": "available_year_round",
    "seasonal_start_month": null,
    "seasonal_end_month": null,
    "stock_qty": 15,
    "low_stock_threshold": 3,
    "organic_certified": false,
    "harvest_date": null,
    "best_before_date": "2026-02-28",
    "created_at": "2026-01-01T09:00:00Z",
    "updated_at": "2026-01-01T09:00:00Z"
  }
},
{
  "model": "marketplace.product",
  "pk": "a1b2c3d4-0001-0001-0001-000000000020",
  "fields": {
    "producer": 5,
    "category": 5,
    "name": "Sourdough Loaf",
    "description": "Classic white sourdough made from a 20-year-old starter. Long fermented for great flavour and a chewy, open crumb with a crackling crust.",
    "price_pence": 300,
    "unit": "loaf",
    "availability": "available_year_round",
    "seasonal_start_month": null,
    "seasonal_end_month": null,
    "stock_qty": 18,
    "low_stock_threshold": 3,
    "organic_certified": false,
    "harvest_date": null,
    "best_before_date": "2026-02-28",
    "created_at": "2026-01-01T09:00:00Z",
    "updated_at": "2026-01-01T09:00:00Z"
  }
},
{
  "model": "marketplace.product",
  "pk": "a1b2c3d4-0001-0001-0001-000000000021",
  "fields": {
    "producer": 5,
    "category": 5,
    "name": "Seeded Batch Loaf",
    "description": "Soft, pillowy batch loaf topped with sunflower seeds, pumpkin seeds, and sesame. Made with stoneground wholemeal flour from a local mill.",
    "price_pence": 280,
    "unit": "loaf",
    "availability": "available_year_round",
    "seasonal_start_month": null,
    "seasonal_end_month": null,
    "stock_qty": 12,
    "low_stock_threshold": 3,
    "organic_certified": false,
    "harvest_date": null,
    "best_before_date": "2026-02-28",
    "created_at": "2026-01-01T09:00:00Z",
    "updated_at": "2026-01-01T09:00:00Z"
  }
},
{
  "model": "marketplace.product",
  "pk": "a1b2c3d4-0001-0001-0001-000000000022",
  "fields": {
    "producer": 5,
    "category": 5,
    "name": "Blueberry Muffins",
    "description": "Light, fluffy muffins bursting with fresh blueberries. Baked in small batches using free-range eggs and locally milled flour.",
    "price_pence": 320,
    "unit": "pack of 4",
    "availability": "available_year_round",
    "seasonal_start_month": null,
    "seasonal_end_month": null,
    "stock_qty": 20,
    "low_stock_threshold": 4,
    "organic_certified": false,
    "harvest_date": null,
    "best_before_date": "2026-02-28",
    "created_at": "2026-01-01T09:00:00Z",
    "updated_at": "2026-01-01T09:00:00Z"
  }
},
{
  "model": "marketplace.product",
  "pk": "a1b2c3d4-0001-0001-0001-000000000023",
  "fields": {
    "producer": 8,
    "category": 6,
    "name": "Strawberry Jam",
    "description": "Traditional whole-fruit strawberry jam made in small batches. Low sugar, high fruit content — nothing artificial.",
    "price_pence": 380,
    "unit": "340g jar",
    "availability": "available_year_round",
    "seasonal_start_month": null,
    "seasonal_end_month": null,
    "stock_qty": 25,
    "low_stock_threshold": 5,
    "organic_certified": false,
    "harvest_date": null,
    "best_before_date": "2027-06-01",
    "created_at": "2026-01-01T09:00:00Z",
    "updated_at": "2026-01-01T09:00:00Z"
  }
},
{
  "model": "marketplace.product",
  "pk": "a1b2c3d4-0001-0001-0001-000000000024",
  "fields": {
    "producer": 8,
    "category": 6,
    "name": "Apple Chutney",
    "description": "A rich, tangy chutney made from Cox apples, onions, and warming spices. Perfect with cheese, cold cuts, or a ploughman's lunch.",
    "price_pence": 350,
    "unit": "300g jar",
    "availability": "available_year_round",
    "seasonal_start_month": null,
    "seasonal_end_month": null,
    "stock_qty": 20,
    "low_stock_threshold": 5,
    "organic_certified": false,
    "harvest_date": null,
    "best_before_date": "2027-09-01",
    "created_at": "2026-01-01T09:00:00Z",
    "updated_at": "2026-01-01T09:00:00Z"
  }
},
{
  "model": "marketplace.product",
  "pk": "a1b2c3d4-0001-0001-0001-000000000025",
  "fields": {
    "producer": 6,
    "category": 6,
    "name": "Wildflower Honey",
    "description": "Raw, unfiltered wildflower honey from our hives on the edge of the Mendip Hills. Lightly floral with a smooth, lingering sweetness.",
    "price_pence": 650,
    "unit": "340g jar",
    "availability": "available_year_round",
    "seasonal_start_month": null,
    "seasonal_end_month": null,
    "stock_qty": 30,
    "low_stock_threshold": 6,
    "organic_certified": false,
    "harvest_date": null,
    "best_before_date": "2028-01-01",
    "created_at": "2026-01-01T09:00:00Z",
    "updated_at": "2026-01-01T09:00:00Z"
  }
},
{
  "model": "marketplace.product",
  "pk": "a1b2c3d4-0001-0001-0001-000000000026",
  "fields": {
    "producer": 3,
    "category": 4,
    "name": "Pork Sausages",
    "description": "Traditional pork sausages made from our own Gloucester Old Spot pigs. Coarsely ground with sage and black pepper. 70% pork content.",
    "price_pence": 480,
    "unit": "pack of 6",
    "availability": "available_year_round",
    "seasonal_start_month": null,
    "seasonal_end_month": null,
    "stock_qty": 25,
    "low_stock_threshold": 5,
    "organic_certified": false,
    "harvest_date": null,
    "best_before_date": "2026-03-04",
    "created_at": "2026-01-01T09:00:00Z",
    "updated_at": "2026-01-01T09:00:00Z"
  }
},
{
  "model": "marketplace.product",
  "pk": "a1b2c3d4-0001-0001-0001-000000000027",
  "fields": {
    "producer": 3,
    "category": 4,
    "name": "Free Range Chicken",
    "description": "Whole free-range chicken from our slow-growth Hubbard breed. Raised outdoors on pasture. Dressed and ready for the oven.",
    "price_pence": 1200,
    "unit": "whole bird (approx 1.8kg)",
    "availability": "available_year_round",
    "seasonal_start_month": null,
    "seasonal_end_month": null,
    "stock_qty": 12,
    "low_stock_threshold": 3,
    "organic_certified": false,
    "harvest_date": "2026-02-23",
    "best_before_date": "2026-03-01",
    "created_at": "2026-01-01T09:00:00Z",
    "updated_at": "2026-01-01T09:00:00Z"
  }
},
{
  "model": "marketplace.product",
  "pk": "a1b2c3d4-0001-0001-0001-000000000028",
  "fields": {
    "producer": 1,
    "category": 7,
    "name": "Purple Sprouting Broccoli",
    "description": "Tender shoots of purple sprouting broccoli, the true taste of late winter. Harvested early morning for maximum freshness. Steam, stir-fry, or roast.",
    "price_pence": 280,
    "unit": "250g bunch",
    "availability": "in_season",
    "seasonal_start_month": 2,
    "seasonal_end_month": 4,
    "stock_qty": 40,
    "low_stock_threshold": 8,
    "organic_certified": true,
    "harvest_date": "2026-02-25",
    "best_before_date": "2026-03-01",
    "created_at": "2026-01-01T09:00:00Z",
    "updated_at": "2026-01-01T09:00:00Z"
  }
},
{
  "model": "marketplace.product",
  "pk": "a1b2c3d4-0001-0001-0001-000000000029",
  "fields": {
    "producer": 3,
    "category": 7,
    "name": "Pumpkin",
    "description": "Large Crown Prince pumpkins from our autumn harvest, stored under cover for winter use. Exceptional in soups and curries.",
    "price_pence": 280,
    "unit": "each",
    "availability": "in_season",
    "seasonal_start_month": 9,
    "seasonal_end_month": 12,
    "stock_qty": 30,
    "low_stock_threshold": 5,
    "organic_certified": false,
    "harvest_date": "2025-10-15",
    "best_before_date": "2026-03-01",
    "created_at": "2026-01-01T09:00:00Z",
    "updated_at": "2026-01-01T09:00:00Z"
  }
},
{
  "model": "marketplace.allergen",
  "pk": 1,
  "fields": {
    "name": "Celery"
  }
},
{
  "model": "marketplace.allergen",
  "pk": 2,
  "fields": {
    "name": "Cereals containing gluten (Wheat)"
  }
},
{
  "model": "marketplace.allergen",
  "pk": 3,
  "fields": {
    "name": "Crustaceans"
  }
},
{
  "model": "marketplace.allergen",
  "pk": 4,
  "fields": {
    "name": "Eggs"
  }
},
{
  "model": "marketplace.allergen",
  "pk": 5,
  "fields": {
    "name": "Fish"
  }
},
{
  "model": "marketplace.allergen",
  "pk": 6,
  "fields": {
    "name": "Lupin"
  }
},
{
  "model": "marketplace.allergen",
  "pk": 7,
  "fields": {
    "name": "Milk"
  }
},
{
  "model": "marketplace.allergen",
  "pk": 8,
  "fields": {
    "name": "Molluscs"
  }
},
{
  "model": "marketplace.allergen",
  "pk": 9,
  "fields": {
    "name": "Mustard"
  }
},
{
  "model": "marketplace.allergen",
  "pk": 10,
  "fields": {
    "name": "Tree Nuts"
  }
},
{
  "model": "marketplace.allergen",
  "pk": 11,
  "fields": {
    "name": "Peanuts"
  }
},
{
  "model": "marketplace.allergen",
  "pk": 12,
  "fields": {
    "name": "Sesame"
  }
},
{
  "model": "marketplace.allergen",
  "pk": 13,
  "fields": {
    "name": "Soya"
  }
},
{
  "model": "marketplace.allergen",
  "pk": 14,
  "fields": {
    "name": "Sulphur Dioxide / Sulphites"
  }
},
{
  "model": "marketplace.productallergen",
  "pk": 1,
  "fields": {
    "product": "a1b2c3d4-0001-0001-0001-000000000013",
    "allergen": 4
  }
},
{
  "model": "marketplace.productallergen",
  "pk": 2,
  "fields": {
    "product": "a1b2c3d4-0001-0001-0001-000000000014",
    "allergen": 7
  }
},
{
  "model": "marketplace.productallergen",
  "pk": 3,
  "fields": {
    "product": "a1b2c3d4-0001-0001-0001-000000000015",
    "allergen": 7
  }
},
{
  "model": "marketplace.productallergen",
  "pk": 4,
  "fields": {
    "product": "a1b2c3d4-0001-0001-0001-000000000016",
    "allergen": 7
  }
},
{
  "model": "marketplace.productallergen",
  "pk": 5,
  "fields": {
    "product": "a1b2c3d4-0001-0001-0001-000000000017",
    "allergen": 7
  }
},
{
  "model": "marketplace.productallergen",
  "pk": 6,
  "fields": {
    "product": "a1b2c3d4-0001-0001-0001-000000000018",
    "allergen": 7
  }
},
{
  "model": "marketplace.productallergen",
  "pk": 7,
  "fields": {
    "product": "a1b2c3d4-0001-0001-0001-000000000019",
    "allergen": 2
  }
},
{
  "model": "marketplace.productallergen",
  "pk": 8,
  "fields": {
    "product": "a1b2c3d4-0001-0001-0001-000000000019",
    "allergen": 10
  }
},
{
  "model": "marketplace.productallergen",
  "pk": 9,
  "fields": {
    "product": "a1b2c3d4-0001-0001-0001-000000000020",
    "allergen": 2
  }
},
{
  "model": "marketplace.productallergen",
  "pk": 10,
  "fields": {
    "product": "a1b2c3d4-0001-0001-0001-000000000021",
    "allergen": 2
  }
},
{
  "model": "marketplace.productallergen",
  "pk": 11,
  "fields": {
    "product": "a1b2c3d4-0001-0001-0001-000000000021",
    "allergen": 12
  }
},
{
  "model": "marketplace.productallergen",
  "pk": 12,
  "fields": {
    "product": "a1b2c3d4-0001-0001-0001-000000000022",
    "allergen": 2
  }
},
{
  "model": "marketplace.productallergen",
  "pk": 13,
  "fields": {
    "product": "a1b2c3d4-0001-0001-0001-000000000022",
    "allergen": 4
  }
},
{
  "model": "marketplace.productallergen",
  "pk": 14,
  "fields": {
    "product": "a1b2c3d4-0001-0001-0001-000000000022",
    "allergen": 7
  }
},
{
  "model": "marketplace.productallergen",
  "pk": 15,
  "fields": {
    "product": "a1b2c3d4-0001-0001-0001-000000000026",
    "allergen": 2
  }
},
{
  "model": "marketplace.productallergen",
  "pk": 16,
  "fields": {
    "product": "a1b2c3d4-0001-0001-0001-000000000026",
    "allergen": 14
  }
},
{
  "model": "marketplace.productallergen",
  "pk": 17,
  "fields": {
    "product": "a1b2c3d4-0001-0001-0001-000000000024",
    "allergen": 14
  }
},
{
  "model": "marketplace.productallergen",
  "pk": 18,
  "fields": {
    "product": "a1b2c3d4-0001-0001-0001-000000000023",
    "allergen": 14
  }
},
{
  "model": "marketplace.productimage",
  "pk": "b2c3d4e5-0002-0002-0002-000000000001",
  "fields": {
    "product": "a1b2c3d4-0001-0001-0001-000000000001",
    "url": "https://images.unsplash.com/photo-1598170845058-32b9d6a5da37?w=600&q=80",
    "image": "",
    "created_at": "2026-01-01T09:00:00Z"
  }
},
{
  "model": "marketplace.productimage",
  "pk": "b2c3d4e5-0002-0002-0002-000000000002",
  "fields": {
    "product": "a1b2c3d4-0001-0001-0001-000000000002",
    "url": "https://images.unsplash.com/photo-1546470427-e26264be0b0d?w=600&q=80",
    "image": "",
    "created_at": "2026-01-01T09:00:00Z"
  }
},
{
  "model": "marketplace.productimage",
  "pk": "b2c3d4e5-0002-0002-0002-000000000003",
  "fields": {
    "product": "a1b2c3d4-0001-0001-0001-000000000003",
    "url": "https://images.unsplash.com/photo-1583687185408-8e91e7e3a4e5?w=600&q=80",
    "image": "",
    "created_at": "2026-01-01T09:00:00Z"
  }
},
{
  "model": "marketplace.productimage",
  "pk": "b2c3d4e5-0002-0002-0002-000000000004",
  "fields": {
    "product": "a1b2c3d4-0001-0001-0001-000000000004",
    "url": "https://images.unsplash.com/photo-1518977676601-b53f82aba655?w=600&q=80",
    "image": "",
    "created_at": "2026-01-01T09:00:00Z"
  }
},
{
  "model": "marketplace.productimage",
  "pk": "b2c3d4e5-0002-0002-0002-000000000005",
  "fields": {
    "product": "a1b2c3d4-0001-0001-0001-000000000005",
    "url": "https://images.unsplash.com/photo-1508747703725-719777637510?w=600&q=80",
    "image": "",
    "created_at": "2026-01-01T09:00:00Z"
  }
},
{
  "model": "marketplace.productimage",
  "pk": "b2c3d4e5-0002-0002-0002-000000000006",
  "fields": {
    "product": "a1b2c3d4-0001-0001-0001-000000000006",
    "url": "https://images.unsplash.com/photo-1622206151226-18ca2c9ab4a1?w=600&q=80",
    "image": "",
    "created_at": "2026-01-01T09:00:00Z"
  }
},
{
  "model": "marketplace.productimage",
  "pk": "b2c3d4e5-0002-0002-0002-000000000007",
  "fields": {
    "product": "a1b2c3d4-0001-0001-0001-000000000007",
    "url": "https://images.unsplash.com/photo-1518977676601-b53f82aba655?w=600&q=80",
    "image": "",
    "created_at": "2026-01-01T09:00:00Z"
  }
},
{
  "model": "marketplace.productimage",
  "pk": "b2c3d4e5-0002-0002-0002-000000000008",
  "fields": {
    "product": "a1b2c3d4-0001-0001-0001-000000000008",
    "url": "https://images.unsplash.com/photo-1540420773420-3366772f4999?w=600&q=80",
    "image": "",
    "created_at": "2026-01-01T09:00:00Z"
  }
},
{
  "model": "marketplace.productimage",
  "pk": "b2c3d4e5-0002-0002-0002-000000000009",
  "fields": {
    "product": "a1b2c3d4-0001-0001-0001-000000000009",
    "url": "https://images.unsplash.com/photo-1570586437263-ab629fccc818?w=600&q=80",
    "image": "",
    "created_at": "2026-01-01T09:00:00Z"
  }
},
{
  "model": "marketplace.productimage",
  "pk": "b2c3d4e5-0002-0002-0002-000000000010",
  "fields": {
    "product": "a1b2c3d4-0001-0001-0001-000000000010",
    "url": "https://images.unsplash.com/photo-1568702846914-96b305d2aaeb?w=600&q=80",
    "image": "",
    "created_at": "2026-01-01T09:00:00Z"
  }
},
{
  "model": "marketplace.productimage",
  "pk": "b2c3d4e5-0002-0002-0002-000000000011",
  "fields": {
    "product": "a1b2c3d4-0001-0001-0001-000000000011",
    "url": "https://images.unsplash.com/photo-1464965911861-746a04b4bca6?w=600&q=80",
    "image": "",
    "created_at": "2026-01-01T09:00:00Z"
  }
},
{
  "model": "marketplace.productimage",
  "pk": "b2c3d4e5-0002-0002-0002-000000000012",
  "fields": {
    "product": "a1b2c3d4-0001-0001-0001-000000000012",
    "url": "https://images.unsplash.com/photo-1615485290382-441e4d049cb5?w=600&q=80",
    "image": "",
    "created_at": "2026-01-01T09:00:00Z"
  }
},
{
  "model": "marketplace.productimage",
  "pk": "b2c3d4e5-0002-0002-0002-000000000013",
  "fields": {
    "product": "a1b2c3d4-0001-0001-0001-000000000013",
    "url": "https://images.unsplash.com/photo-1582722872445-44dc5f7e3c8f?w=600&q=80",
    "image": "",
    "created_at": "2026-01-01T09:00:00Z"
  }
},
{
  "model": "marketplace.productimage",
  "pk": "b2c3d4e5-0002-0002-0002-000000000014",
  "fields": {
    "product": "a1b2c3d4-0001-0001-0001-000000000014",
    "url": "https://images.unsplash.com/photo-1550583724-b2692b85b150?w=600&q=80",
    "image": "",
    "created_at": "2026-01-01T09:00:00Z"
  }
},
{
  "model": "marketplace.productimage",
  "pk": "b2c3d4e5-0002-0002-0002-000000000015",
  "fields": {
    "product": "a1b2c3d4-0001-0001-0001-000000000015",
    "url": "https://images.unsplash.com/photo-1486297678162-eb2a19b0a32d?w=600&q=80",
    "image": "",
    "created_at": "2026-01-01T09:00:00Z"
  }
},
{
  "model": "marketplace.productimage",
  "pk": "b2c3d4e5-0002-0002-0002-000000000016",
  "fields": {
    "product": "a1b2c3d4-0001-0001-0001-000000000016",
    "url": "https://images.unsplash.com/photo-1571212515416-fca988083c23?w=600&q=80",
    "image": "",
    "created_at": "2026-01-01T09:00:00Z"
  }
},
{
  "model": "marketplace.productimage",
  "pk": "b2c3d4e5-0002-0002-0002-000000000017",
  "fields": {
    "product": "a1b2c3d4-0001-0001-0001-000000000017",
    "url": "https://images.unsplash.com/photo-1563636619-e9143da7973b?w=600&q=80",
    "image": "",
    "created_at": "2026-01-01T09:00:00Z"
  }
},
{
  "model": "marketplace.productimage",
  "pk": "b2c3d4e5-0002-0002-0002-000000000018",
  "fields": {
    "product": "a1b2c3d4-0001-0001-0001-000000000018",
    "url": "https://images.unsplash.com/photo-1559561853-08451507cbe7?w=600&q=80",
    "image": "",
    "created_at": "2026-01-01T09:00:00Z"
  }
},
{
  "model": "marketplace.productimage",
  "pk": "b2c3d4e5-0002-0002-0002-000000000019",
  "fields": {
    "product": "a1b2c3d4-0001-0001-0001-000000000019",
    "url": "https://images.unsplash.com/photo-1509440159596-0249088772ff?w=600&q=80",
    "image": "",
    "created_at": "2026-01-01T09:00:00Z"
  }
},
{
  "model": "marketplace.productimage",
  "pk": "b2c3d4e5-0002-0002-0002-000000000020",
  "fields": {
    "product": "a1b2c3d4-0001-0001-0001-000000000020",
    "url": "https://images.unsplash.com/photo-1585478259715-876acc5be8eb?w=600&q=80",
    "image": "",
    "created_at": "2026-01-01T09:00:00Z"
  }
},
{
  "model": "marketplace.productimage",
  "pk": "b2c3d4e5-0002-0002-0002-000000000021",
  "fields": {
    "product": "a1b2c3d4-0001-0001-0001-000000000021",
    "url": "https://images.unsplash.com/photo-1598373182133-52452f7691ef?w=600&q=80",
    "image": "",
    "created_at": "2026-01-01T09:00:00Z"
  }
},
{
  "model": "marketplace.productimage",
  "pk": "b2c3d4e5-0002-0002-0002-000000000022",
  "fields": {
    "product": "a1b2c3d4-0001-0001-0001-000000000022",
    "url": "https://images.unsplash.com/photo-1607958996333-41aef7caefaa?w=600&q=80",
    "image": "",
    "created_at": "2026-01-01T09:00:00Z"
  }
},
{
  "model": "marketplace.productimage",
  "pk": "b2c3d4e5-0002-0002-0002-000000000023",
  "fields": {
    "product": "a1b2c3d4-0001-0001-0001-000000000023",
    "url": "https://images.unsplash.com/photo-1563805042-7684c019e1cb?w=600&q=80",
    "image": "",
    "created_at": "2026-01-01T09:00:00Z"
  }
},
{
  "model": "marketplace.productimage",
  "pk": "b2c3d4e5-0002-0002-0002-000000000024",
  "fields": {
    "product": "a1b2c3d4-0001-0001-0001-000000000024",
    "url": "https://images.unsplash.com/photo-1601924287811-e34de5d17476?w=600&q=80",
    "image": "",
    "created_at": "2026-01-01T09:00:00Z"
  }
},
{
  "model": "marketplace.productimage",
  "pk": "b2c3d4e5-0002-0002-0002-000000000025",
  "fields": {
    "product": "a1b2c3d4-0001-0001-0001-000000000025",
    "url": "https://images.unsplash.com/photo-1587049352846-4a222e784d38?w=600&q=80",
    "image": "",
    "created_at": "2026-01-01T09:00:00Z"
  }
},
{
  "model": "marketplace.productimage",
  "pk": "b2c3d4e5-0002-0002-0002-000000000026",
  "fields": {
    "product": "a1b2c3d4-0001-0001-0001-000000000026",
    "url": "https://images.unsplash.com/photo-1529692236671-f1f6cf9683ba?w=600&q=80",
    "image": "",
    "created_at": "2026-01-01T09:00:00Z"
  }
},
{
  "model": "marketplace.productimage",
  "pk": "b2c3d4e5-0002-0002-0002-000000000027",
  "fields": {
    "product": "a1b2c3d4-0001-0001-0001-000000000027",
    "url": "https://images.unsplash.com/photo-1518492104633-130d0cc84637?w=600&q=80",
    "image": "",
    "created_at": "2026-01-01T09:00:00Z"
  }
},
{
  "model": "marketplace.productimage",
  "pk": "b2c3d4e5-0002-0002-0002-000000000028",
  "fields": {
    "product": "a1b2c3d4-0001-0001-0001-000000000028",
    "url": "https://images.unsplash.com/photo-1635273051800-c5c4be1e4d9d?w=600&q=80",
    "image": "",
    "created_at": "2026-01-01T09:00:00Z"
  }
},
{
  "model": "marketplace.productimage",
  "pk": "b2c3d4e5-0002-0002-0002-000000000029",
  "fields": {
    "product": "a1b2c3d4-0001-0001-0001-000000000029",
    "url": "https://images.unsplash.com/photo-1570586437263-ab629fccc818?w=600&q=80",
    "image": "",
    "created_at": "2026-01-01T09:00:00Z"
  }
}
]
