[
{
  "model": "accounts.user",
  "pk": 1,
  "fields": {
    "password": "pbkdf2_sha256$600000$eJ8QNbRybrqwRmJlnO06Te$GPdKvWFXUcAYd2Z+L3dRMjR9v052pXsZDKfHOH5Xyxo=",
    "last_login": "2026-05-07T11:01:08.287Z",
    "is_superuser": true,
    "first_name": "Admin",
    "last_name": "User",
    "is_staff": true,
    "is_active": true,
    "date_joined": "2026-01-01T09:00:00Z",
    "email": "admin@brfn.com",
    "role": "admin",
    "phone": "",
    "groups": [],
    "user_permissions": []
  }
},
{
  "model": "accounts.user",
  "pk": 2,
  "fields": {
    "password": "pbkdf2_sha256$600000$jtK8Lpqvr9DXYhjvHlNhHs$F+16FbqpLYfcZFycE0N+n6OmVdzQtSD3Z2q7dl2y6p4=",
    "last_login": "2026-05-07T10:30:20.525Z",
    "is_superuser": false,
    "first_name": "Jane",
    "last_name": "Smith",
    "is_staff": false,
    "is_active": true,
    "date_joined": "2026-01-01T09:00:00Z",
    "email": "jane.smith@bristolvalleyfarm.com",
    "role": "producer",
    "phone": "01179 123456",
    "groups": [],
    "user_permissions": []
  }
},
{
  "model": "accounts.user",
  "pk": 3,
  "fields": {
    "password": "pbkdf2_sha256$600000$BjSrzEgKvSZsYK7IVqYKTa$C3D/Gcz7Wur8T6+0v5jWnpR52NLPQRbVu6Y62Fj1qO0=",
    "last_login": "2026-03-17T20:38:24.374Z",
    "is_superuser": false,
    "first_name": "Tom",
    "last_name": "Hartley",
    "is_staff": false,
    "is_active": true,
    "date_joined": "2026-01-01T09:00:00Z",
    "email": "tom.hartley@hillsidedairy.co.uk",
    "role": "producer",
    "phone": "01179 654321",
    "groups": [],
    "user_permissions": []
  }
},
{
  "model": "accounts.user",
  "pk": 4,
  "fields": {
    "password": "pbkdf2_sha256$600000$52zFmo8HOqskSnWmr2QcGC$eZCE6EJKWeuIS/LPqhVo0KrsQl0VULdNfQDvoMyh5Zk=",
    "last_login": "2026-03-17T20:40:56.408Z",
    "is_superuser": false,
    "first_name": "David",
    "last_name": "Marsh",
    "is_staff": false,
    "is_active": true,
    "date_joined": "2026-01-01T09:00:00Z",
    "email": "david.marsh@greenacresfarm.co.uk",
    "role": "producer",
    "phone": "01179 789012",
    "groups": [],
    "user_permissions": []
  }
},
{
  "model": "accounts.user",
  "pk": 5,
  "fields": {
    "password": "pbkdf2_sha256$600000$DDSfdeZnSG1ZkntzPvvsRa$wxFRXWqS6/uocb+SnopoxDYYl0V0nEiBsTCR9xHIRCU=",
    "last_login": "2026-03-17T21:41:18.533Z",
    "is_superuser": false,
    "first_name": "Helen",
    "last_name": "Price",
    "is_staff": false,
    "is_active": true,
    "date_joined": "2026-01-01T09:00:00Z",
    "email": "helen.price@orchardviewfarm.co.uk",
    "role": "producer",
    "phone": "01179 321098",
    "groups": [],
    "user_permissions": []
  }
},
{
  "model": "accounts.user",
  "pk": 6,
  "fields": {
    "password": "pbkdf2_sha256$600000$jY9n0aAwARdduAARpEufaz$cfnIpdO8pVJRkuU+Uvdw35DGL43yCDbtnHTxGq6+l7U=",
    "last_login": "2026-03-17T20:42:29.131Z",
    "is_superuser": false,
    "first_name": "Paul",
    "last_name": "Baker",
    "is_staff": false,
    "is_active": true,
    "date_joined": "2026-01-01T09:00:00Z",
    "email": "paul.baker@severnvalleybakers.co.uk",
    "role": "producer",
    "phone": "01179 456789",
    "groups": [],
    "user_permissions": []
  }
},
{
  "model": "accounts.user",
  "pk": 7,
  "fields": {
    "password": "pbkdf2_sha256$600000$7EbdXaUcCOJQB6MoTOsZxR$t/Pd6uefz9qjlt6iCSyPrp3JcsKATa0zgZ5i6/PmpHk=",
    "last_login": null,
    "is_superuser": false,
    "first_name": "Sarah",
    "last_name": "Bee",
    "is_staff": false,
    "is_active": true,
    "date_joined": "2026-01-01T09:00:00Z",
    "email": "sarah.bee@hartcliffehoney.co.uk",
    "role": "producer",
    "phone": "01179 567890",
    "groups": [],
    "user_permissions": []
  }
},
{
  "model": "accounts.user",
  "pk": 8,
  "fields": {
    "password": "pbkdf2_sha256$600000$whLPLin3txNcJkQX7sySuC$xOYR93w5QokatNa334GyIn1aXQfWwCEgRNv/XuNEiP0=",
    "last_login": null,
    "is_superuser": false,
    "first_name": "Neil",
    "last_name": "Foster",
    "is_staff": false,
    "is_active": true,
    "date_joined": "2026-01-01T09:00:00Z",
    "email": "neil.foster@redlandfreerange.co.uk",
    "role": "producer",
    "phone": "01179 678901",
    "groups": [],
    "user_permissions": []
  }
},
{
  "model": "accounts.user",
  "pk": 9,
  "fields": {
    "password": "pbkdf2_sha256$600000$zIl8CKhIOEu0udThbeEqt2$+mr4wB0iSbyFQGh0tZ0Rtpgs176qn3DLk8sa5Zjyzeg=",
    "last_login": "2026-05-07T11:11:54.916Z",
    "is_superuser": false,
    "first_name": "Margaret",
    "last_name": "Cook",
    "is_staff": false,
    "is_active": true,
    "date_joined": "2026-01-01T09:00:00Z",
    "email": "margaret.cook@cliftonpreserves.co.uk",
    "role": "producer",
    "phone": "01179 890123",
    "groups": [],
    "user_permissions": []
  }
},
{
  "model": "accounts.user",
  "pk": 10,
  "fields": {
    "password": "pbkdf2_sha256$600000$hhcTjSTiAwh3sBgks5MBd0$zdEv2aDXoFAAQVtdjUnkgpS1/inNpTUYP8C3EWxIxAA=",
    "last_login": "2026-03-10T18:32:43.172Z",
    "is_superuser": false,
    "first_name": "",
    "last_name": "",
    "is_staff": false,
    "is_active": true,
    "date_joined": "2026-03-10T18:32:43.070Z",
    "email": "test@producer.com",
    "role": "producer",
    "phone": "+44123456789",
    "groups": [],
    "user_permissions": []
  }
},
{
  "model": "accounts.user",
  "pk": 11,
  "fields": {
    "password": "pbkdf2_sha256$600000$FEUccgDkPxAJ6TDEcYWatg$O2edSu5lyc/lLYBS7Gwl4o/VieJffcx5aerQupjM8l4=",
    "last_login": "2026-05-07T11:12:03.017Z",
    "is_superuser": false,
    "first_name": "",
    "last_name": "",
    "is_staff": false,
    "is_active": true,
    "date_joined": "2026-03-10T19:18:21.988Z",
    "email": "test@test.com",
    "role": "customer",
    "phone": "",
    "groups": [],
    "user_permissions": []
  }
},
{
  "model": "accounts.user",
  "pk": 12,
  "fields": {
    "password": "pbkdf2_sha256$600000$OmHkWQP1UGlKP8LfWrkDN4$+WcbEaI31NnRVkRbztkI0NGSbRunJ1Ak/ETOqV5rgAU=",
    "last_login": "2026-05-07T11:12:20.125Z",
    "is_superuser": false,
    "first_name": "",
    "last_name": "",
    "is_staff": false,
    "is_active": true,
    "date_joined": "2026-05-07T10:15:54.717Z",
    "email": "robert.johnson@email.com",
    "role": "customer",
    "phone": "+447700900123",
    "groups": [],
    "user_permissions": []
  }
},
{
  "model": "accounts.user",
  "pk": 13,
  "fields": {
    "password": "pbkdf2_sha256$600000$cRfhZd4JZcvheFXbJUdYsn$za0D3kmFyFOPf0TAFikQ7PYq/ORrJk30LXU4Vj62cCo=",
    "last_login": null,
    "is_superuser": false,
    "first_name": "",
    "last_name": "",
    "is_staff": false,
    "is_active": true,
    "date_joined": "2026-05-07T10:15:54.827Z",
    "email": "emily.chen@email.com",
    "role": "customer",
    "phone": "+447700900456",
    "groups": [],
    "user_permissions": []
  }
},
{
  "model": "accounts.user",
  "pk": 14,
  "fields": {
    "password": "pbkdf2_sha256$600000$8cieco1LQvyxRjGK29P0GL$ontm7ajZwJ5SUL27431lipUng+DVL0889OYpRDJr65E=",
    "last_login": null,
    "is_superuser": false,
    "first_name": "",
    "last_name": "",
    "is_staff": false,
    "is_active": true,
    "date_joined": "2026-05-07T10:15:54.984Z",
    "email": "catering@stmarys-school.org.uk",
    "role": "community_group",
    "phone": "+441179001234",
    "groups": [],
    "user_permissions": []
  }
},
{
  "model": "accounts.user",
  "pk": 15,
  "fields": {
    "password": "pbkdf2_sha256$600000$WOrXVsaEBHdlHRF6pu383r$tyBwbJe+zCwHwDwm9/m7jDfhAzGnTW8VQS3TCI2DgFE=",
    "last_login": "2026-05-07T11:01:54.591Z",
    "is_superuser": false,
    "first_name": "",
    "last_name": "",
    "is_staff": false,
    "is_active": true,
    "date_joined": "2026-05-07T10:15:55.062Z",
    "email": "info@cliftonkitchen.co.uk",
    "role": "restaurant",
    "phone": "+441179005678",
    "groups": [],
    "user_permissions": []
  }
},
{
  "model": "accounts.producerprofile",
  "pk": 1,
  "fields": {
    "user": 2,
    "business_name": "Bristol Valley Farm",
    "contact_name": "Jane Smith",
    "business_address": "Stoke Park Road, Bristol",
    "postcode": "BS16 1GW",
    "latitude": "51.490200",
    "longitude": "-2.531400",
    "created_at": "2026-01-01T09:00:00Z",
    "updated_at": "2026-01-01T09:00:00Z"
  }
},
{
  "model": "accounts.producerprofile",
  "pk": 2,
  "fields": {
    "user": 3,
    "business_name": "Hillside Dairy",
    "contact_name": "Tom Hartley",
    "business_address": "Clifton Down Road, Bristol",
    "postcode": "BS8 1TH",
    "latitude": "51.461200",
    "longitude": "-2.614300",
    "created_at": "2026-01-01T09:00:00Z",
    "updated_at": "2026-01-01T09:00:00Z"
  }
},
{
  "model": "accounts.producerprofile",
  "pk": 3,
  "fields": {
    "user": 4,
    "business_name": "Green Acres Farm",
    "contact_name": "David Marsh",
    "business_address": "Westbury Lane, Bristol",
    "postcode": "BS9 1JG",
    "latitude": "51.487500",
    "longitude": "-2.635200",
    "created_at": "2026-01-01T09:00:00Z",
    "updated_at": "2026-01-01T09:00:00Z"
  }
},
{
  "model": "accounts.producerprofile",
  "pk": 4,
  "fields": {
    "user": 5,
    "business_name": "Orchard View Farm",
    "contact_name": "Helen Price",
    "business_address": "Long Ashton Road, Bristol",
    "postcode": "BS41 9LB",
    "latitude": "51.430100",
    "longitude": "-2.659800",
    "created_at": "2026-01-01T09:00:00Z",
    "updated_at": "2026-01-01T09:00:00Z"
  }
},
{
  "model": "accounts.producerprofile",
  "pk": 5,
  "fields": {
    "user": 6,
    "business_name": "Severn Valley Bakers",
    "contact_name": "Paul Baker",
    "business_address": "Bedminster Down Road, Bristol",
    "postcode": "BS13 7AB",
    "latitude": "51.426500",
    "longitude": "-2.601700",
    "created_at": "2026-01-01T09:00:00Z",
    "updated_at": "2026-01-01T09:00:00Z"
  }
},
{
  "model": "accounts.producerprofile",
  "pk": 6,
  "fields": {
    "user": 7,
    "business_name": "Hartcliffe Honey",
    "contact_name": "Sarah Bee",
    "business_address": "Hartcliffe Way, Bristol",
    "postcode": "BS13 0JA",
    "latitude": "51.408900",
    "longitude": "-2.594600",
    "created_at": "2026-01-01T09:00:00Z",
    "updated_at": "2026-01-01T09:00:00Z"
  }
},
{
  "model": "accounts.producerprofile",
  "pk": 7,
  "fields": {
    "user": 8,
    "business_name": "Redland Free Range",
    "contact_name": "Neil Foster",
    "business_address": "Redland Road, Bristol",
    "postcode": "BS6 6YB",
    "latitude": "51.468300",
    "longitude": "-2.601200",
    "created_at": "2026-01-01T09:00:00Z",
    "updated_at": "2026-01-01T09:00:00Z"
  }
},
{
  "model": "accounts.producerprofile",
  "pk": 8,
  "fields": {
    "user": 9,
    "business_name": "Clifton Preserves",
    "contact_name": "Margaret Cook",
    "business_address": "Whiteladies Road, Bristol",
    "postcode": "BS8 2NT",
    "latitude": "51.463700",
    "longitude": "-2.608900",
    "created_at": "2026-01-01T09:00:00Z",
    "updated_at": "2026-01-01T09:00:00Z"
  }
},
{
  "model": "accounts.producerprofile",
  "pk": 9,
  "fields": {
    "user": 10,
    "business_name": "Bristol Test Farm",
    "contact_name": "Test Producer",
    "business_address": "Test Street, Bristol",
    "postcode": "BS1 1AA",
    "latitude": "51.454500",
    "longitude": "-2.587900",
    "created_at": "2026-03-10T18:32:43.170Z",
    "updated_at": "2026-03-10T18:32:43.170Z"
  }
},
{
  "model": "accounts.customerprofile",
  "pk": 1,
  "fields": {
    "user": 11,
    "full_name": "Test Customer",
    "street": "45 Park Street",
    "city": "Bristol",
    "state": "Avon",
    "postcode": "BS1 5JG",
    "country": "UK",
    "latitude": "51.453700",
    "longitude": "-2.596600",
    "created_at": "2026-03-17T16:53:55.082Z",
    "updated_at": "2026-03-17T16:53:55.082Z"
  }
},
{
  "model": "accounts.customerprofile",
  "pk": 2,
  "fields": {
    "user": 12,
    "full_name": "Robert Johnson",
    "street": "45 Park Street",
    "city": "Bristol",
    "state": "Avon",
    "postcode": "BS1 5JG",
    "country": "United Kingdom",
    "latitude": "51.453700",
    "longitude": "-2.596600",
    "created_at": "2026-05-07T10:15:54.719Z",
    "updated_at": "2026-05-07T10:15:54.826Z"
  }
},
{
  "model": "accounts.customerprofile",
  "pk": 3,
  "fields": {
    "user": 13,
    "full_name": "Emily Chen",
    "street": "12 Queens Road",
    "city": "Bristol",
    "state": "Avon",
    "postcode": "BS8 1QU",
    "country": "United Kingdom",
    "latitude": "51.456200",
    "longitude": "-2.610800",
    "created_at": "2026-05-07T10:15:54.828Z",
    "updated_at": "2026-05-07T10:15:54.906Z"
  }
},
{
  "model": "accounts.customerprofile",
  "pk": 4,
  "fields": {
    "user": 14,
    "full_name": "St. Mary's School",
    "street": "15 College Road",
    "city": "Bristol",
    "state": "Avon",
    "postcode": "BS3 1QR",
    "country": "United Kingdom",
    "latitude": "51.440100",
    "longitude": "-2.596300",
    "created_at": "2026-05-07T10:15:55.061Z",
    "updated_at": "2026-05-07T10:15:55.061Z"
  }
},
{
  "model": "accounts.customerprofile",
  "pk": 5,
  "fields": {
    "user": 15,
    "full_name": "The Clifton Kitchen",
    "street": "8 The Mall, Clifton",
    "city": "Bristol",
    "state": "Avon",
    "postcode": "BS8 4AA",
    "country": "United Kingdom",
    "latitude": "51.464100",
    "longitude": "-2.621500",
    "created_at": "2026-05-07T10:15:55.142Z",
    "updated_at": "2026-05-07T10:15:55.142Z"
  }
},
{
  "model": "accounts.communitygroupprofile",
  "pk": 1,
  "fields": {
    "user": 14,
    "organisation_name": "St. Mary's School",
    "organisation_type": "school",
    "contact_name": "Sarah Williams",
    "delivery_address": "15 College Road, Bristol",
    "postcode": "BS3 1QR",
    "created_at": "2026-05-07T10:15:55.060Z",
    "updated_at": "2026-05-07T10:15:55.060Z"
  }
},
{
  "model": "accounts.restaurantprofile",
  "pk": 1,
  "fields": {
    "user": 15,
    "restaurant_name": "The Clifton Kitchen",
    "contact_name": "James Cooper",
    "delivery_address": "8 The Mall, Clifton, Bristol",
    "postcode": "BS8 4AA",
    "created_at": "2026-05-07T10:15:55.140Z",
    "updated_at": "2026-05-07T10:15:55.140Z"
  }
},
{
  "model": "marketplace.productcategory",
  "pk": 1,
  "fields": {
    "name": "Vegetables",
    "created_at": null
  }
},
{
  "model": "marketplace.productcategory",
  "pk": 2,
  "fields": {
    "name": "Fruit",
    "created_at": null
  }
},
{
  "model": "marketplace.productcategory",
  "pk": 3,
  "fields": {
    "name": "Dairy & Eggs",
    "created_at": null
  }
},
{
  "model": "marketplace.productcategory",
  "pk": 4,
  "fields": {
    "name": "Meat",
    "created_at": null
  }
},
{
  "model": "marketplace.productcategory",
  "pk": 5,
  "fields": {
    "name": "Bakery",
    "created_at": null
  }
},
{
  "model": "marketplace.productcategory",
  "pk": 6,
  "fields": {
    "name": "Preserves",
    "created_at": null
  }
},
{
  "model": "marketplace.productcategory",
  "pk": 7,
  "fields": {
    "name": "Seasonal Specialities",
    "created_at": null
  }
},
{
  "model": "marketplace.product",
  "pk": "26884068-629f-4089-af31-7e3394bc8d01",
  "fields": {
    "producer": 4,
    "category": 2,
    "name": "Strawberries (Orchard View)",
    "description": "Freshly picked strawberries, sweet and juicy from our local farm. Perfect for desserts, smoothies, or simply enjoyed on their own.",
    "price_pence": 350,
    "unit": "kg",
    "availability": "available_year_round",
    "seasonal_start_month": 3,
    "seasonal_end_month": 10,
    "stock_qty": 95,
    "low_stock_threshold": 10,
    "organic_certified": false,
    "harvest_date": "2026-05-05",
    "best_before_date": "2026-05-12",
    "created_at": "2026-03-17T20:47:08.631Z",
    "updated_at": "2026-03-17T20:47:08.631Z"
  }
},
{
  "model": "marketplace.product",
  "pk": "a1b2c3d4-0001-0001-0001-000000000001",
  "fields": {
    "producer": 1,
    "category": 1,
    "name": "Organic Carrots",
    "description": "Freshly harvested organic Chantenay carrots, grown without pesticides. Sweet and tender, perfect for roasting or juicing.",
    "price_pence": 250,
    "unit": "kg",
    "availability": "in_season",
    "seasonal_start_month": 5,
    "seasonal_end_month": 11,
    "stock_qty": 80,
    "low_stock_threshold": 10,
    "organic_certified": true,
    "harvest_date": "2026-05-04",
    "best_before_date": "2026-05-21",
    "created_at": "2026-01-01T09:00:00Z",
    "updated_at": "2026-01-01T09:00:00Z"
  }
},
{
  "model": "marketplace.product",
  "pk": "a1b2c3d4-0001-0001-0001-000000000002",
  "fields": {
    "producer": 1,
    "category": 1,
    "name": "Organic Tomatoes",
    "description": "Vine-ripened organic tomatoes, rich in flavour. Hand-picked daily from our polytunnels. Ideal for salads, sauces, and slow-roasting.",
    "price_pence": 300,
    "unit": "kg",
    "availability": "in_season",
    "seasonal_start_month": 5,
    "seasonal_end_month": 10,
    "stock_qty": 60,
    "low_stock_threshold": 10,
    "organic_certified": true,
    "harvest_date": "2026-05-05",
    "best_before_date": "2026-05-17",
    "created_at": "2026-01-01T09:00:00Z",
    "updated_at": "2026-03-17T20:31:07.410Z"
  }
},
{
  "model": "marketplace.product",
  "pk": "a1b2c3d4-0001-0001-0001-000000000003",
  "fields": {
    "producer": 1,
    "category": 1,
    "name": "Courgettes",
    "description": "Tender organic courgettes, harvested young for the best flavour. Versatile in stir-fries, pasta dishes, or simply grilled with olive oil.",
    "price_pence": 180,
    "unit": "each",
    "availability": "in_season",
    "seasonal_start_month": 5,
    "seasonal_end_month": 9,
    "stock_qty": 45,
    "low_stock_threshold": 8,
    "organic_certified": true,
    "harvest_date": "2026-05-04",
    "best_before_date": "2026-05-15",
    "created_at": "2026-01-01T09:00:00Z",
    "updated_at": "2026-03-17T20:30:04.502Z"
  }
},
{
  "model": "marketplace.product",
  "pk": "a1b2c3d4-0001-0001-0001-000000000004",
  "fields": {
    "producer": 3,
    "category": 1,
    "name": "Salad Potatoes",
    "description": "Creamy Nicola salad potatoes, excellent boiled, roasted, or in potato salads. Consistent, smooth-skinned, and full of flavour.",
    "price_pence": 200,
    "unit": "kg",
    "availability": "available_year_round",
    "seasonal_start_month": null,
    "seasonal_end_month": null,
    "stock_qty": 120,
    "low_stock_threshold": 15,
    "organic_certified": false,
    "harvest_date": "2025-09-15",
    "best_before_date": "2026-06-06",
    "created_at": "2026-01-01T09:00:00Z",
    "updated_at": "2026-03-17T20:39:44.569Z"
  }
},
{
  "model": "marketplace.product",
  "pk": "a1b2c3d4-0001-0001-0001-000000000005",
  "fields": {
    "producer": 3,
    "category": 1,
    "name": "Red Onions",
    "description": "Mild, sweet red onions straight from our fields. Great raw in salads, caramelised in a pan, or slow-roasted whole.",
    "price_pence": 150,
    "unit": "kg",
    "availability": "available_year_round",
    "seasonal_start_month": null,
    "seasonal_end_month": null,
    "stock_qty": 100,
    "low_stock_threshold": 15,
    "organic_certified": false,
    "harvest_date": "2025-08-20",
    "best_before_date": "2026-07-06",
    "created_at": "2026-01-01T09:00:00Z",
    "updated_at": "2026-01-01T09:00:00Z"
  }
},
{
  "model": "marketplace.product",
  "pk": "a1b2c3d4-0001-0001-0001-000000000006",
  "fields": {
    "producer": 1,
    "category": 1,
    "name": "Organic Lettuce",
    "description": "Crisp organic butterhead lettuce, freshly cut. A staple for any salad lover. Grown in our open fields with no artificial inputs.",
    "price_pence": 120,
    "unit": "head",
    "availability": "in_season",
    "seasonal_start_month": 4,
    "seasonal_end_month": 10,
    "stock_qty": 50,
    "low_stock_threshold": 10,
    "organic_certified": true,
    "harvest_date": "2026-05-06",
    "best_before_date": "2026-05-14",
    "created_at": "2026-01-01T09:00:00Z",
    "updated_at": "2026-01-01T09:00:00Z"
  }
},
{
  "model": "marketplace.product",
  "pk": "a1b2c3d4-0001-0001-0001-000000000007",
  "fields": {
    "producer": 3,
    "category": 1,
    "name": "Stored Potatoes",
    "description": "Classic Maris Piper baking and chipping potatoes, stored from our autumn harvest. Available year-round and perfect for every cooking method.",
    "price_pence": 150,
    "unit": "kg",
    "availability": "available_year_round",
    "seasonal_start_month": null,
    "seasonal_end_month": null,
    "stock_qty": 200,
    "low_stock_threshold": 20,
    "organic_certified": false,
    "harvest_date": "2025-10-01",
    "best_before_date": "2026-06-21",
    "created_at": "2026-01-01T09:00:00Z",
    "updated_at": "2026-01-01T09:00:00Z"
  }
},
{
  "model": "marketplace.product",
  "pk": "a1b2c3d4-0001-0001-0001-000000000008",
  "fields": {
    "producer": 1,
    "category": 1,
    "name": "Mixed Salad Leaves",
    "description": "A seasonal blend of rocket, mizuna, spinach, and mustard leaves. Harvested fresh each morning and ready to eat straight from the bag.",
    "price_pence": 200,
    "unit": "100g bag",
    "availability": "in_season",
    "seasonal_start_month": 3,
    "seasonal_end_month": 10,
    "stock_qty": 35,
    "low_stock_threshold": 8,
    "organic_certified": true,
    "harvest_date": "2026-05-06",
    "best_before_date": "2026-05-12",
    "created_at": "2026-01-01T09:00:00Z",
    "updated_at": "2026-01-01T09:00:00Z"
  }
},
{
  "model": "marketplace.product",
  "pk": "a1b2c3d4-0001-0001-0001-000000000009",
  "fields": {
    "producer": 3,
    "category": 1,
    "name": "Butternut Squash",
    "description": "Dense and sweet butternut squash from our autumn crop. Perfect for soups, roasting, or stuffed as a centrepiece dish.",
    "price_pence": 180,
    "unit": "each",
    "availability": "out_of_season",
    "seasonal_start_month": 9,
    "seasonal_end_month": 3,
    "stock_qty": 0,
    "low_stock_threshold": 10,
    "organic_certified": false,
    "harvest_date": "2025-10-20",
    "best_before_date": "2026-03-31",
    "created_at": "2026-01-01T09:00:00Z",
    "updated_at": "2026-01-01T09:00:00Z"
  }
},
{
  "model": "marketplace.product",
  "pk": "a1b2c3d4-0001-0001-0001-000000000010",
  "fields": {
    "producer": 4,
    "category": 2,
    "name": "Fresh Apples",
    "description": "Crisp Cox and Bramley apples, hand-picked from our heritage orchard. A classic British apple, great for eating, baking, and juicing.",
    "price_pence": 200,
    "unit": "kg",
    "availability": "available_year_round",
    "seasonal_start_month": null,
    "seasonal_end_month": null,
    "stock_qty": 80,
    "low_stock_threshold": 10,
    "organic_certified": false,
    "harvest_date": "2025-10-05",
    "best_before_date": "2026-06-06",
    "created_at": "2026-01-01T09:00:00Z",
    "updated_at": "2026-01-01T09:00:00Z"
  }
},
{
  "model": "marketplace.product",
  "pk": "a1b2c3d4-0001-0001-0001-000000000011",
  "fields": {
    "producer": 1,
    "category": 2,
    "name": "Strawberries",
    "description": "Sweet, locally grown organic strawberries, picked at peak ripeness. Available June to August — the taste of summer.",
    "price_pence": 350,
    "unit": "punnet (400g)",
    "availability": "out_of_season",
    "seasonal_start_month": 6,
    "seasonal_end_month": 8,
    "stock_qty": 0,
    "low_stock_threshold": 10,
    "organic_certified": true,
    "harvest_date": "2026-05-06",
    "best_before_date": "2026-05-12",
    "created_at": "2026-01-01T09:00:00Z",
    "updated_at": "2026-01-01T09:00:00Z"
  }
},
{
  "model": "marketplace.product",
  "pk": "a1b2c3d4-0001-0001-0001-000000000012",
  "fields": {
    "producer": 4,
    "category": 2,
    "name": "Conference Pears",
    "description": "Juicy, perfectly ripe Conference pears from our orchard. Long-keeping variety, ideal for eating fresh or poaching in spiced wine.",
    "price_pence": 220,
    "unit": "kg",
    "availability": "available_year_round",
    "seasonal_start_month": null,
    "seasonal_end_month": null,
    "stock_qty": 60,
    "low_stock_threshold": 10,
    "organic_certified": false,
    "harvest_date": "2025-10-10",
    "best_before_date": "2026-05-28",
    "created_at": "2026-01-01T09:00:00Z",
    "updated_at": "2026-03-17T20:37:11.232Z"
  }
},
{
  "model": "marketplace.product",
  "pk": "a1b2c3d4-0001-0001-0001-000000000013",
  "fields": {
    "producer": 7,
    "category": 3,
    "name": "Organic Free Range Eggs",
    "description": "Fresh organic eggs from free-range hens, collected daily. Our hens roam open pastures and are fed a certified organic diet. Rich, deep-yellow yolks.",
    "price_pence": 350,
    "unit": "dozen",
    "availability": "available_year_round",
    "seasonal_start_month": null,
    "seasonal_end_month": null,
    "stock_qty": 50,
    "low_stock_threshold": 10,
    "organic_certified": true,
    "harvest_date": "2026-05-06",
    "best_before_date": "2026-05-28",
    "created_at": "2026-01-01T09:00:00Z",
    "updated_at": "2026-01-01T09:00:00Z"
  }
},
{
  "model": "marketplace.product",
  "pk": "a1b2c3d4-0001-0001-0001-000000000014",
  "fields": {
    "producer": 2,
    "category": 3,
    "name": "Fresh Whole Milk",
    "description": "Unhomogenised whole milk from our grass-fed Friesian herd, bottled daily at the farm. Creamy, fresh, and full of natural goodness.",
    "price_pence": 120,
    "unit": "litre",
    "availability": "available_year_round",
    "seasonal_start_month": null,
    "seasonal_end_month": null,
    "stock_qty": 80,
    "low_stock_threshold": 15,
    "organic_certified": false,
    "harvest_date": "2026-05-06",
    "best_before_date": "2026-05-12",
    "created_at": "2026-01-01T09:00:00Z",
    "updated_at": "2026-01-01T09:00:00Z"
  }
},
{
  "model": "marketplace.product",
  "pk": "a1b2c3d4-0001-0001-0001-000000000015",
  "fields": {
    "producer": 2,
    "category": 3,
    "name": "Mature Cheddar Cheese",
    "description": "Traditionally made mature cheddar, aged for 12 months in our cellars. A robust, nutty flavour with a crumbly texture.",
    "price_pence": 550,
    "unit": "200g",
    "availability": "available_year_round",
    "seasonal_start_month": null,
    "seasonal_end_month": null,
    "stock_qty": 40,
    "low_stock_threshold": 8,
    "organic_certified": false,
    "harvest_date": null,
    "best_before_date": "2026-06-15",
    "created_at": "2026-01-01T09:00:00Z",
    "updated_at": "2026-01-01T09:00:00Z"
  }
},
{
  "model": "marketplace.product",
  "pk": "a1b2c3d4-0001-0001-0001-000000000016",
  "fields": {
    "producer": 2,
    "category": 3,
    "name": "Natural Yoghurt",
    "description": "Thick, creamy natural set yoghurt made from our fresh whole milk. Live cultures, no additives or sweeteners. Perfect with fruit, granola, or savoury dishes.",
    "price_pence": 200,
    "unit": "500g",
    "availability": "available_year_round",
    "seasonal_start_month": null,
    "seasonal_end_month": null,
    "stock_qty": 35,
    "low_stock_threshold": 8,
    "organic_certified": false,
    "harvest_date": "2026-05-04",
    "best_before_date": "2026-05-21",
    "created_at": "2026-01-01T09:00:00Z",
    "updated_at": "2026-03-17T20:32:03.531Z"
  }
},
{
  "model": "marketplace.product",
  "pk": "a1b2c3d4-0001-0001-0001-000000000017",
  "fields": {
    "producer": 2,
    "category": 3,
    "name": "Double Cream",
    "description": "Rich, indulgent double cream from our Jersey-Friesian cross herd. 48% butterfat for the most luxurious whipping or pouring cream.",
    "price_pence": 180,
    "unit": "250ml",
    "availability": "available_year_round",
    "seasonal_start_month": null,
    "seasonal_end_month": null,
    "stock_qty": 30,
    "low_stock_threshold": 6,
    "organic_certified": false,
    "harvest_date": "2026-05-06",
    "best_before_date": "2026-05-14",
    "created_at": "2026-01-01T09:00:00Z",
    "updated_at": "2026-03-17T20:38:40.206Z"
  }
},
{
  "model": "marketplace.product",
  "pk": "a1b2c3d4-0001-0001-0001-000000000018",
  "fields": {
    "producer": 2,
    "category": 3,
    "name": "Soft Goat's Cheese",
    "description": "Fresh, mild soft goat's cheese from our small herd of Saanen goats. Beautifully spreadable with a clean, lightly tangy flavour.",
    "price_pence": 420,
    "unit": "150g",
    "availability": "available_year_round",
    "seasonal_start_month": null,
    "seasonal_end_month": null,
    "stock_qty": 20,
    "low_stock_threshold": 5,
    "organic_certified": false,
    "harvest_date": null,
    "best_before_date": "2026-05-17",
    "created_at": "2026-01-01T09:00:00Z",
    "updated_at": "2026-01-01T09:00:00Z"
  }
},
{
  "model": "marketplace.product",
  "pk": "a1b2c3d4-0001-0001-0001-000000000019",
  "fields": {
    "producer": 5,
    "category": 5,
    "name": "Walnut Bread",
    "description": "A rustic sourdough loaf packed with whole walnuts and a hint of honey. Baked fresh each morning in our wood-fired oven.",
    "price_pence": 350,
    "unit": "loaf",
    "availability": "available_year_round",
    "seasonal_start_month": null,
    "seasonal_end_month": null,
    "stock_qty": 15,
    "low_stock_threshold": 3,
    "organic_certified": false,
    "harvest_date": null,
    "best_before_date": "2026-05-11",
    "created_at": "2026-01-01T09:00:00Z",
    "updated_at": "2026-03-17T20:42:50.849Z"
  }
},
{
  "model": "marketplace.product",
  "pk": "a1b2c3d4-0001-0001-0001-000000000020",
  "fields": {
    "producer": 5,
    "category": 5,
    "name": "Sourdough Loaf",
    "description": "Classic white sourdough made from a 20-year-old starter. Long fermented for great flavour and a chewy, open crumb with a crackling crust.",
    "price_pence": 300,
    "unit": "loaf",
    "availability": "available_year_round",
    "seasonal_start_month": null,
    "seasonal_end_month": null,
    "stock_qty": 18,
    "low_stock_threshold": 5,
    "organic_certified": false,
    "harvest_date": null,
    "best_before_date": "2026-05-12",
    "created_at": "2026-01-01T09:00:00Z",
    "updated_at": "2026-03-17T20:33:03.859Z"
  }
},
{
  "model": "marketplace.product",
  "pk": "a1b2c3d4-0001-0001-0001-000000000021",
  "fields": {
    "producer": 5,
    "category": 5,
    "name": "Seeded Batch Loaf",
    "description": "Soft, pillowy batch loaf topped with sunflower seeds, pumpkin seeds, and sesame. Made with stoneground wholemeal flour from a local mill.",
    "price_pence": 280,
    "unit": "loaf",
    "availability": "available_year_round",
    "seasonal_start_month": null,
    "seasonal_end_month": null,
    "stock_qty": 12,
    "low_stock_threshold": 3,
    "organic_certified": false,
    "harvest_date": null,
    "best_before_date": "2026-05-11",
    "created_at": "2026-01-01T09:00:00Z",
    "updated_at": "2026-03-17T20:43:19.642Z"
  }
},
{
  "model": "marketplace.product",
  "pk": "a1b2c3d4-0001-0001-0001-000000000022",
  "fields": {
    "producer": 5,
    "category": 5,
    "name": "Blueberry Muffins",
    "description": "Light, fluffy muffins bursting with fresh blueberries. Baked in small batches using free-range eggs and locally milled flour.",
    "price_pence": 320,
    "unit": "pack of 4",
    "availability": "available_year_round",
    "seasonal_start_month": null,
    "seasonal_end_month": null,
    "stock_qty": 20,
    "low_stock_threshold": 4,
    "organic_certified": false,
    "harvest_date": null,
    "best_before_date": "2026-05-10",
    "created_at": "2026-01-01T09:00:00Z",
    "updated_at": "2026-01-01T09:00:00Z"
  }
},
{
  "model": "marketplace.product",
  "pk": "a1b2c3d4-0001-0001-0001-000000000023",
  "fields": {
    "producer": 8,
    "category": 6,
    "name": "Strawberry Jam",
    "description": "Traditional whole-fruit strawberry jam made in small batches. Low sugar, high fruit content — nothing artificial.",
    "price_pence": 380,
    "unit": "340g jar",
    "availability": "available_year_round",
    "seasonal_start_month": null,
    "seasonal_end_month": null,
    "stock_qty": 25,
    "low_stock_threshold": 5,
    "organic_certified": false,
    "harvest_date": null,
    "best_before_date": "2027-11-01",
    "created_at": "2026-01-01T09:00:00Z",
    "updated_at": "2026-03-17T20:44:25.600Z"
  }
},
{
  "model": "marketplace.product",
  "pk": "a1b2c3d4-0001-0001-0001-000000000024",
  "fields": {
    "producer": 8,
    "category": 6,
    "name": "Apple Chutney",
    "description": "A rich, tangy chutney made from Cox apples, onions, and warming spices. Perfect with cheese, cold cuts, or a ploughman's lunch.",
    "price_pence": 350,
    "unit": "300g jar",
    "availability": "available_year_round",
    "seasonal_start_month": null,
    "seasonal_end_month": null,
    "stock_qty": 20,
    "low_stock_threshold": 5,
    "organic_certified": false,
    "harvest_date": null,
    "best_before_date": "2027-11-01",
    "created_at": "2026-01-01T09:00:00Z",
    "updated_at": "2026-03-17T20:44:38.965Z"
  }
},
{
  "model": "marketplace.product",
  "pk": "a1b2c3d4-0001-0001-0001-000000000025",
  "fields": {
    "producer": 6,
    "category": 6,
    "name": "Wildflower Honey",
    "description": "Raw, unfiltered wildflower honey from our hives on the edge of the Mendip Hills. Lightly floral with a smooth, lingering sweetness.",
    "price_pence": 650,
    "unit": "340g jar",
    "availability": "available_year_round",
    "seasonal_start_month": null,
    "seasonal_end_month": null,
    "stock_qty": 30,
    "low_stock_threshold": 6,
    "organic_certified": false,
    "harvest_date": null,
    "best_before_date": "2026-05-21",
    "created_at": "2026-01-01T09:00:00Z",
    "updated_at": "2026-01-01T09:00:00Z"
  }
},
{
  "model": "marketplace.product",
  "pk": "a1b2c3d4-0001-0001-0001-000000000026",
  "fields": {
    "producer": 3,
    "category": 4,
    "name": "Pork Sausages",
    "description": "Traditional pork sausages made from our own Gloucester Old Spot pigs. Coarsely ground with sage and black pepper. 70% pork content.",
    "price_pence": 480,
    "unit": "pack of 6",
    "availability": "available_year_round",
    "seasonal_start_month": null,
    "seasonal_end_month": null,
    "stock_qty": 25,
    "low_stock_threshold": 5,
    "organic_certified": false,
    "harvest_date": null,
    "best_before_date": "2026-05-14",
    "created_at": "2026-01-01T09:00:00Z",
    "updated_at": "2026-03-17T20:41:18.095Z"
  }
},
{
  "model": "marketplace.product",
  "pk": "a1b2c3d4-0001-0001-0001-000000000027",
  "fields": {
    "producer": 3,
    "category": 4,
    "name": "Free Range Chicken",
    "description": "Whole free-range chicken from our slow-growth Hubbard breed. Raised outdoors on pasture. Dressed and ready for the oven.",
    "price_pence": 1200,
    "unit": "whole bird (approx 1.8kg)",
    "availability": "available_year_round",
    "seasonal_start_month": null,
    "seasonal_end_month": null,
    "stock_qty": 12,
    "low_stock_threshold": 3,
    "organic_certified": false,
    "harvest_date": "2026-05-05",
    "best_before_date": "2026-05-12",
    "created_at": "2026-01-01T09:00:00Z",
    "updated_at": "2026-01-01T09:00:00Z"
  }
},
{
  "model": "marketplace.product",
  "pk": "a1b2c3d4-0001-0001-0001-000000000028",
  "fields": {
    "producer": 1,
    "category": 7,
    "name": "Purple Sprouting Broccoli",
    "description": "Tender shoots of purple sprouting broccoli, the true taste of late winter. Harvested early morning for maximum freshness. Steam, stir-fry, or roast.",
    "price_pence": 280,
    "unit": "250g bunch",
    "availability": "out_of_season",
    "seasonal_start_month": 2,
    "seasonal_end_month": 4,
    "stock_qty": 0,
    "low_stock_threshold": 8,
    "organic_certified": true,
    "harvest_date": "2026-03-28",
    "best_before_date": "2026-04-05",
    "created_at": "2026-01-01T09:00:00Z",
    "updated_at": "2026-05-07T10:32:10.197Z"
  }
},
{
  "model": "marketplace.product",
  "pk": "a1b2c3d4-0001-0001-0001-000000000029",
  "fields": {
    "producer": 3,
    "category": 7,
    "name": "Pumpkin",
    "description": "Large Crown Prince pumpkins from our autumn harvest, stored under cover for winter use. Exceptional in soups and curries.",
    "price_pence": 280,
    "unit": "each",
    "availability": "out_of_season",
    "seasonal_start_month": 9,
    "seasonal_end_month": 11,
    "stock_qty": 0,
    "low_stock_threshold": 5,
    "organic_certified": false,
    "harvest_date": "2025-10-15",
    "best_before_date": "2026-01-31",
    "created_at": "2026-01-01T09:00:00Z",
    "updated_at": "2026-01-01T09:00:00Z"
  }
},
{
  "model": "marketplace.allergen",
  "pk": 1,
  "fields": {
    "name": "Celery"
  }
},
{
  "model": "marketplace.allergen",
  "pk": 2,
  "fields": {
    "name": "Cereals containing gluten (Wheat)"
  }
},
{
  "model": "marketplace.allergen",
  "pk": 3,
  "fields": {
    "name": "Crustaceans"
  }
},
{
  "model": "marketplace.allergen",
  "pk": 4,
  "fields": {
    "name": "Eggs"
  }
},
{
  "model": "marketplace.allergen",
  "pk": 5,
  "fields": {
    "name": "Fish"
  }
},
{
  "model": "marketplace.allergen",
  "pk": 6,
  "fields": {
    "name": "Lupin"
  }
},
{
  "model": "marketplace.allergen",
  "pk": 7,
  "fields": {
    "name": "Milk"
  }
},
{
  "model": "marketplace.allergen",
  "pk": 8,
  "fields": {
    "name": "Molluscs"
  }
},
{
  "model": "marketplace.allergen",
  "pk": 9,
  "fields": {
    "name": "Mustard"
  }
},
{
  "model": "marketplace.allergen",
  "pk": 10,
  "fields": {
    "name": "Tree Nuts"
  }
},
{
  "model": "marketplace.allergen",
  "pk": 11,
  "fields": {
    "name": "Peanuts"
  }
},
{
  "model": "marketplace.allergen",
  "pk": 12,
  "fields": {
    "name": "Sesame"
  }
},
{
  "model": "marketplace.allergen",
  "pk": 13,
  "fields": {
    "name": "Soya"
  }
},
{
  "model": "marketplace.allergen",
  "pk": 14,
  "fields": {
    "name": "Sulphur Dioxide / Sulphites"
  }
},
{
  "model": "marketplace.productallergen",
  "pk": 1,
  "fields": {
    "product": "a1b2c3d4-0001-0001-0001-000000000013",
    "allergen": 4
  }
},
{
  "model": "marketplace.productallergen",
  "pk": 2,
  "fields": {
    "product": "a1b2c3d4-0001-0001-0001-000000000014",
    "allergen": 7
  }
},
{
  "model": "marketplace.productallergen",
  "pk": 3,
  "fields": {
    "product": "a1b2c3d4-0001-0001-0001-000000000015",
    "allergen": 7
  }
},
{
  "model": "marketplace.productallergen",
  "pk": 6,
  "fields": {
    "product": "a1b2c3d4-0001-0001-0001-000000000018",
    "allergen": 7
  }
},
{
  "model": "marketplace.productallergen",
  "pk": 12,
  "fields": {
    "product": "a1b2c3d4-0001-0001-0001-000000000022",
    "allergen": 2
  }
},
{
  "model": "marketplace.productallergen",
  "pk": 13,
  "fields": {
    "product": "a1b2c3d4-0001-0001-0001-000000000022",
    "allergen": 4
  }
},
{
  "model": "marketplace.productallergen",
  "pk": 14,
  "fields": {
    "product": "a1b2c3d4-0001-0001-0001-000000000022",
    "allergen": 7
  }
},
{
  "model": "marketplace.productallergen",
  "pk": 19,
  "fields": {
    "product": "a1b2c3d4-0001-0001-0001-000000000016",
    "allergen": 7
  }
},
{
  "model": "marketplace.productallergen",
  "pk": 20,
  "fields": {
    "product": "a1b2c3d4-0001-0001-0001-000000000020",
    "allergen": 2
  }
},
{
  "model": "marketplace.productallergen",
  "pk": 21,
  "fields": {
    "product": "a1b2c3d4-0001-0001-0001-000000000017",
    "allergen": 7
  }
},
{
  "model": "marketplace.productallergen",
  "pk": 22,
  "fields": {
    "product": "a1b2c3d4-0001-0001-0001-000000000026",
    "allergen": 2
  }
},
{
  "model": "marketplace.productallergen",
  "pk": 23,
  "fields": {
    "product": "a1b2c3d4-0001-0001-0001-000000000026",
    "allergen": 14
  }
},
{
  "model": "marketplace.productallergen",
  "pk": 24,
  "fields": {
    "product": "a1b2c3d4-0001-0001-0001-000000000019",
    "allergen": 2
  }
},
{
  "model": "marketplace.productallergen",
  "pk": 25,
  "fields": {
    "product": "a1b2c3d4-0001-0001-0001-000000000019",
    "allergen": 10
  }
},
{
  "model": "marketplace.productallergen",
  "pk": 26,
  "fields": {
    "product": "a1b2c3d4-0001-0001-0001-000000000021",
    "allergen": 12
  }
},
{
  "model": "marketplace.productallergen",
  "pk": 27,
  "fields": {
    "product": "a1b2c3d4-0001-0001-0001-000000000021",
    "allergen": 2
  }
},
{
  "model": "marketplace.productallergen",
  "pk": 28,
  "fields": {
    "product": "a1b2c3d4-0001-0001-0001-000000000023",
    "allergen": 14
  }
},
{
  "model": "marketplace.productallergen",
  "pk": 29,
  "fields": {
    "product": "a1b2c3d4-0001-0001-0001-000000000024",
    "allergen": 14
  }
},
{
  "model": "marketplace.surplusdeal",
  "pk": "3d60031e-f00d-4c2a-95dc-d664b6d30d84",
  "fields": {
    "product": "a1b2c3d4-0001-0001-0001-000000000006",
    "discount_bp": 3000,
    "expires_at": "2026-05-09T10:15:54.710Z",
    "note": "Perfect condition, harvest fresh — must sell to avoid waste.",
    "created_at": "2026-05-07T10:15:56.018Z"
  }
},
{
  "model": "marketplace.surplusdeal",
  "pk": "9fa1a856-9d23-4e19-ac44-7fdc2a2fde6d",
  "fields": {
    "product": "a1b2c3d4-0001-0001-0001-000000000010",
    "discount_bp": 2000,
    "expires_at": "2026-05-10T10:15:54.710Z",
    "note": "Slight cosmetic blemishes but great flavour. Ideal for cooking.",
    "created_at": "2026-05-07T10:15:56.019Z"
  }
},
{
  "model": "marketplace.productimage",
  "pk": "3fcb75dc-c0b4-4500-9194-8ad71b5c7dea",
  "fields": {
    "product": "a1b2c3d4-0001-0001-0001-000000000017",
    "url": "https://images.unsplash.com/photo-1563729784474-d77dbb933a9e?w=600&q=80",
    "image": "",
    "created_at": null
  }
},
{
  "model": "marketplace.productimage",
  "pk": "54afeaeb-2e0e-416c-b499-218e97bc903b",
  "fields": {
    "product": "a1b2c3d4-0001-0001-0001-000000000003",
    "url": "https://images.unsplash.com/photo-1563252722-6434563a985d?w=600&q=80",
    "image": "",
    "created_at": null
  }
},
{
  "model": "marketplace.productimage",
  "pk": "5d1cc22b-3142-49cc-b9ae-2601cab3c9bc",
  "fields": {
    "product": "a1b2c3d4-0001-0001-0001-000000000016",
    "url": "https://images.unsplash.com/photo-1488477181946-6428a0291777?w=600&q=80",
    "image": "",
    "created_at": null
  }
},
{
  "model": "marketplace.productimage",
  "pk": "68b7d9db-bff6-4775-82a3-9f9d3de1d8a9",
  "fields": {
    "product": "a1b2c3d4-0001-0001-0001-000000000012",
    "url": "https://images.unsplash.com/photo-1514756331096-242fdeb70d4a?w=600&q=80",
    "image": "",
    "created_at": null
  }
},
{
  "model": "marketplace.productimage",
  "pk": "7239b197-e30d-43e1-b828-682343022d73",
  "fields": {
    "product": "26884068-629f-4089-af31-7e3394bc8d01",
    "url": "https://images.unsplash.com/photo-1464965911861-746a04b4bca6?w=600&q=80",
    "image": "",
    "created_at": null
  }
},
{
  "model": "marketplace.productimage",
  "pk": "73a53281-3961-4f26-a1c3-2b507f5032c0",
  "fields": {
    "product": "a1b2c3d4-0001-0001-0001-000000000004",
    "url": "https://images.unsplash.com/photo-1518977676601-b53f82aba655?w=600&q=80",
    "image": "",
    "created_at": null
  }
},
{
  "model": "marketplace.productimage",
  "pk": "8b42f706-763c-45a3-a0b3-0c572b85a08c",
  "fields": {
    "product": "a1b2c3d4-0001-0001-0001-000000000021",
    "url": "https://images.unsplash.com/photo-1509440159596-0249088772ff?w=600&q=80",
    "image": "",
    "created_at": null
  }
},
{
  "model": "marketplace.productimage",
  "pk": "923cd440-cf93-4fa1-9829-cde3d2b04120",
  "fields": {
    "product": "a1b2c3d4-0001-0001-0001-000000000026",
    "url": "/static/png/pork sausage.jpg",
    "image": "",
    "created_at": null
  }
},
{
  "model": "marketplace.productimage",
  "pk": "9ed13fc2-60db-4438-bde9-2862413eb89d",
  "fields": {
    "product": "a1b2c3d4-0001-0001-0001-000000000002",
    "url": "https://images.unsplash.com/photo-1592924357228-91a4daadcfea?w=600&q=80",
    "image": "",
    "created_at": null
  }
},
{
  "model": "marketplace.productimage",
  "pk": "b2c3d4e5-0002-0002-0002-000000000001",
  "fields": {
    "product": "a1b2c3d4-0001-0001-0001-000000000001",
    "url": "https://images.unsplash.com/photo-1598170845058-32b9d6a5da37?w=600&q=80",
    "image": "",
    "created_at": "2026-01-01T09:00:00Z"
  }
},
{
  "model": "marketplace.productimage",
  "pk": "b2c3d4e5-0002-0002-0002-000000000005",
  "fields": {
    "product": "a1b2c3d4-0001-0001-0001-000000000005",
    "url": "https://images.unsplash.com/photo-1508747703725-719777637510?w=600&q=80",
    "image": "",
    "created_at": "2026-01-01T09:00:00Z"
  }
},
{
  "model": "marketplace.productimage",
  "pk": "b2c3d4e5-0002-0002-0002-000000000006",
  "fields": {
    "product": "a1b2c3d4-0001-0001-0001-000000000006",
    "url": "https://images.unsplash.com/photo-1622206151226-18ca2c9ab4a1?w=600&q=80",
    "image": "",
    "created_at": "2026-01-01T09:00:00Z"
  }
},
{
  "model": "marketplace.productimage",
  "pk": "b2c3d4e5-0002-0002-0002-000000000007",
  "fields": {
    "product": "a1b2c3d4-0001-0001-0001-000000000007",
    "url": "https://images.unsplash.com/photo-1518977676601-b53f82aba655?w=600&q=80",
    "image": "",
    "created_at": "2026-01-01T09:00:00Z"
  }
},
{
  "model": "marketplace.productimage",
  "pk": "b2c3d4e5-0002-0002-0002-000000000008",
  "fields": {
    "product": "a1b2c3d4-0001-0001-0001-000000000008",
    "url": "https://images.unsplash.com/photo-1540420773420-3366772f4999?w=600&q=80",
    "image": "",
    "created_at": "2026-01-01T09:00:00Z"
  }
},
{
  "model": "marketplace.productimage",
  "pk": "b2c3d4e5-0002-0002-0002-000000000009",
  "fields": {
    "product": "a1b2c3d4-0001-0001-0001-000000000009",
    "url": "https://images.unsplash.com/photo-1570586437263-ab629fccc818?w=600&q=80",
    "image": "",
    "created_at": "2026-01-01T09:00:00Z"
  }
},
{
  "model": "marketplace.productimage",
  "pk": "b2c3d4e5-0002-0002-0002-000000000010",
  "fields": {
    "product": "a1b2c3d4-0001-0001-0001-000000000010",
    "url": "https://images.unsplash.com/photo-1568702846914-96b305d2aaeb?w=600&q=80",
    "image": "",
    "created_at": "2026-01-01T09:00:00Z"
  }
},
{
  "model": "marketplace.productimage",
  "pk": "b2c3d4e5-0002-0002-0002-000000000011",
  "fields": {
    "product": "a1b2c3d4-0001-0001-0001-000000000011",
    "url": "https://images.unsplash.com/photo-1464965911861-746a04b4bca6?w=600&q=80",
    "image": "",
    "created_at": "2026-01-01T09:00:00Z"
  }
},
{
  "model": "marketplace.productimage",
  "pk": "b2c3d4e5-0002-0002-0002-000000000013",
  "fields": {
    "product": "a1b2c3d4-0001-0001-0001-000000000013",
    "url": "https://images.unsplash.com/photo-1582722872445-44dc5f7e3c8f?w=600&q=80",
    "image": "",
    "created_at": "2026-01-01T09:00:00Z"
  }
},
{
  "model": "marketplace.productimage",
  "pk": "b2c3d4e5-0002-0002-0002-000000000014",
  "fields": {
    "product": "a1b2c3d4-0001-0001-0001-000000000014",
    "url": "https://images.unsplash.com/photo-1550583724-b2692b85b150?w=600&q=80",
    "image": "",
    "created_at": "2026-01-01T09:00:00Z"
  }
},
{
  "model": "marketplace.productimage",
  "pk": "b2c3d4e5-0002-0002-0002-000000000015",
  "fields": {
    "product": "a1b2c3d4-0001-0001-0001-000000000015",
    "url": "https://images.unsplash.com/photo-1486297678162-eb2a19b0a32d?w=600&q=80",
    "image": "",
    "created_at": "2026-01-01T09:00:00Z"
  }
},
{
  "model": "marketplace.productimage",
  "pk": "b2c3d4e5-0002-0002-0002-000000000018",
  "fields": {
    "product": "a1b2c3d4-0001-0001-0001-000000000018",
    "url": "https://images.unsplash.com/photo-1559561853-08451507cbe7?w=600&q=80",
    "image": "",
    "created_at": "2026-01-01T09:00:00Z"
  }
},
{
  "model": "marketplace.productimage",
  "pk": "b2c3d4e5-0002-0002-0002-000000000022",
  "fields": {
    "product": "a1b2c3d4-0001-0001-0001-000000000022",
    "url": "https://images.unsplash.com/photo-1607958996333-41aef7caefaa?w=600&q=80",
    "image": "",
    "created_at": "2026-01-01T09:00:00Z"
  }
},
{
  "model": "marketplace.productimage",
  "pk": "b2c3d4e5-0002-0002-0002-000000000025",
  "fields": {
    "product": "a1b2c3d4-0001-0001-0001-000000000025",
    "url": "/static/png/wildflower honey.jpg",
    "image": "",
    "created_at": "2026-01-01T09:00:00Z"
  }
},
{
  "model": "marketplace.productimage",
  "pk": "b2c3d4e5-0002-0002-0002-000000000027",
  "fields": {
    "product": "a1b2c3d4-0001-0001-0001-000000000027",
    "url": "https://images.unsplash.com/photo-1518492104633-130d0cc84637?w=600&q=80",
    "image": "",
    "created_at": "2026-01-01T09:00:00Z"
  }
},
{
  "model": "marketplace.productimage",
  "pk": "b2c3d4e5-0002-0002-0002-000000000028",
  "fields": {
    "product": "a1b2c3d4-0001-0001-0001-000000000028",
    "url": "/static/png/Purple Sprouting Broccoli.jpg",
    "image": "",
    "created_at": "2026-01-01T09:00:00Z"
  }
},
{
  "model": "marketplace.productimage",
  "pk": "b2c3d4e5-0002-0002-0002-000000000029",
  "fields": {
    "product": "a1b2c3d4-0001-0001-0001-000000000029",
    "url": "https://images.unsplash.com/photo-1570586437263-ab629fccc818?w=600&q=80",
    "image": "",
    "created_at": "2026-01-01T09:00:00Z"
  }
},
{
  "model": "marketplace.productimage",
  "pk": "b9bce44a-95e3-4ac9-a4ea-39dc90a3b2cf",
  "fields": {
    "product": "a1b2c3d4-0001-0001-0001-000000000024",
    "url": "https://images.unsplash.com/photo-1621506289937-a8e4df240d0b?w=600&q=80",
    "image": "",
    "created_at": null
  }
},
{
  "model": "marketplace.productimage",
  "pk": "c013f00a-ad23-4647-b598-4418a33effde",
  "fields": {
    "product": "a1b2c3d4-0001-0001-0001-000000000020",
    "url": "/static/png/Sourdough loaf.jpg",
    "image": "",
    "created_at": null
  }
},
{
  "model": "marketplace.productimage",
  "pk": "e4d22f5e-26fe-434c-bfcb-06d2c4715cb5",
  "fields": {
    "product": "a1b2c3d4-0001-0001-0001-000000000023",
    "url": "https://images.unsplash.com/photo-1563822249366-3efb23b8e0c9?w=600&q=80",
    "image": "",
    "created_at": null
  }
},
{
  "model": "marketplace.productimage",
  "pk": "ea3f106b-e423-44bd-b288-84aade555d30",
  "fields": {
    "product": "a1b2c3d4-0001-0001-0001-000000000019",
    "url": "https://images.unsplash.com/photo-1509440159596-0249088772ff?w=600&q=80",
    "image": "",
    "created_at": null
  }
},
{
  "model": "cart.cart",
  "pk": "229a3535-0ddd-4e50-bb22-6025bb12cbb9",
  "fields": {
    "customer": 1,
    "created_at": "2026-03-17T21:10:01.813Z",
    "updated_at": "2026-03-17T21:10:01.813Z"
  }
},
{
  "model": "cart.cartitem",
  "pk": 4,
  "fields": {
    "cart": "229a3535-0ddd-4e50-bb22-6025bb12cbb9",
    "product": "26884068-629f-4089-af31-7e3394bc8d01",
    "quantity": 1,
    "added_at": "2026-03-17T21:42:06.884Z"
  }
},
{
  "model": "orders.customerorder",
  "pk": "06f6ce02-bb7b-58de-a6fb-5823e6e112c8",
  "fields": {
    "customer": 4,
    "delivery_address": "15 College Road, Bristol",
    "delivery_postcode": "BS3 1QR",
    "delivery_date": "2026-05-01",
    "special_instructions": "Delivery to kitchen entrance, contact kitchen manager",
    "subtotal_pence": 16100,
    "commission_pence": 805,
    "total_pence": 16905,
    "status": "delivered",
    "created_at": "2026-05-07T10:15:55.965Z",
    "updated_at": "2026-05-07T10:15:55.965Z"
  }
},
{
  "model": "orders.customerorder",
  "pk": "090931e5-86e5-4b66-9b3f-8673e99e92c8",
  "fields": {
    "customer": 1,
    "delivery_address": "45 Park Street, Bristol",
    "delivery_postcode": "BS1 5JG",
    "delivery_date": "2026-03-20",
    "special_instructions": "",
    "subtotal_pence": 350,
    "commission_pence": 17,
    "total_pence": 350,
    "status": "delivered",
    "created_at": "2026-03-17T21:40:58.365Z",
    "updated_at": "2026-03-17T21:41:33.963Z"
  }
},
{
  "model": "orders.customerorder",
  "pk": "3616a232-4465-572b-be88-d350a586f861",
  "fields": {
    "customer": 3,
    "delivery_address": "12 Queens Road, Bristol",
    "delivery_postcode": "BS8 1QU",
    "delivery_date": "2026-04-27",
    "special_instructions": "",
    "subtotal_pence": 1960,
    "commission_pence": 98,
    "total_pence": 2058,
    "status": "delivered",
    "created_at": "2026-05-07T10:15:55.941Z",
    "updated_at": "2026-05-07T10:15:55.941Z"
  }
},
{
  "model": "orders.customerorder",
  "pk": "acb41aa5-3767-5eac-96db-726584a02f7a",
  "fields": {
    "customer": 2,
    "delivery_address": "45 Park Street, Bristol",
    "delivery_postcode": "BS1 5JG",
    "delivery_date": "2026-04-23",
    "special_instructions": "",
    "subtotal_pence": 990,
    "commission_pence": 50,
    "total_pence": 1040,
    "status": "delivered",
    "created_at": "2026-05-07T10:15:55.906Z",
    "updated_at": "2026-05-07T10:15:55.906Z"
  }
},
{
  "model": "orders.customerorder",
  "pk": "af34feb3-ccc7-53a6-af07-800383d5dbaf",
  "fields": {
    "customer": 3,
    "delivery_address": "12 Queens Road, Bristol",
    "delivery_postcode": "BS8 1QU",
    "delivery_date": "2026-05-11",
    "special_instructions": "",
    "subtotal_pence": 1290,
    "commission_pence": 64,
    "total_pence": 1354,
    "status": "confirmed",
    "created_at": "2026-05-07T10:15:55.961Z",
    "updated_at": "2026-05-07T10:15:55.961Z"
  }
},
{
  "model": "orders.customerorder",
  "pk": "c896b10b-9698-5b59-9b7b-0a017d89a01d",
  "fields": {
    "customer": 5,
    "delivery_address": "8 The Mall, Clifton, Bristol",
    "delivery_postcode": "BS8 4AA",
    "delivery_date": "2026-05-03",
    "special_instructions": "",
    "subtotal_pence": 8010,
    "commission_pence": 400,
    "total_pence": 8410,
    "status": "delivered",
    "created_at": "2026-05-07T10:15:55.975Z",
    "updated_at": "2026-05-07T10:15:55.975Z"
  }
},
{
  "model": "orders.customerorder",
  "pk": "db03ffd9-7273-4e14-9db0-2e545b06fd23",
  "fields": {
    "customer": 1,
    "delivery_address": "45 Park Street, Bristol",
    "delivery_postcode": "BS1 5JG",
    "delivery_date": "2026-03-19",
    "special_instructions": "",
    "subtotal_pence": 700,
    "commission_pence": 35,
    "total_pence": 700,
    "status": "delivered",
    "created_at": "2026-03-17T21:10:29.949Z",
    "updated_at": "2026-03-17T21:12:07.474Z"
  }
},
{
  "model": "orders.customerorder",
  "pk": "decd3d54-53df-51ba-9bdb-074ae17e94a2",
  "fields": {
    "customer": 2,
    "delivery_address": "45 Park Street, Bristol",
    "delivery_postcode": "BS1 5JG",
    "delivery_date": "2026-05-02",
    "special_instructions": "",
    "subtotal_pence": 1950,
    "commission_pence": 98,
    "total_pence": 2048,
    "status": "delivered",
    "created_at": "2026-05-07T10:15:55.923Z",
    "updated_at": "2026-05-07T10:15:55.923Z"
  }
},
{
  "model": "orders.customerorder",
  "pk": "dfeac10b-6ccc-5cd2-9866-3a46b22a2846",
  "fields": {
    "customer": 3,
    "delivery_address": "12 Queens Road, Bristol",
    "delivery_postcode": "BS8 1QU",
    "delivery_date": "2026-05-04",
    "special_instructions": "",
    "subtotal_pence": 3350,
    "commission_pence": 168,
    "total_pence": 3518,
    "status": "delivered",
    "created_at": "2026-05-07T10:15:55.951Z",
    "updated_at": "2026-05-07T10:15:55.951Z"
  }
},
{
  "model": "orders.customerorder",
  "pk": "e218c739-371c-4466-97a5-23896f9966cc",
  "fields": {
    "customer": 1,
    "delivery_address": "45 Park Street, Bristol",
    "delivery_postcode": "BS1 5JG",
    "delivery_date": "2026-03-20",
    "special_instructions": "12",
    "subtotal_pence": 700,
    "commission_pence": 35,
    "total_pence": 700,
    "status": "delivered",
    "created_at": "2026-03-17T21:26:24.257Z",
    "updated_at": "2026-03-17T21:27:01.071Z"
  }
},
{
  "model": "orders.customerorder",
  "pk": "eaa94cfd-fc4c-5b10-a566-48a40b4ce20e",
  "fields": {
    "customer": 2,
    "delivery_address": "45 Park Street, Bristol",
    "delivery_postcode": "BS1 5JG",
    "delivery_date": "2026-04-30",
    "special_instructions": "",
    "subtotal_pence": 1090,
    "commission_pence": 54,
    "total_pence": 1144,
    "status": "delivered",
    "created_at": "2026-05-07T10:15:55.912Z",
    "updated_at": "2026-05-07T10:15:55.912Z"
  }
},
{
  "model": "orders.customerorder",
  "pk": "fd26a0ed-dbe1-52f3-bbe8-0f0b02ce7f08",
  "fields": {
    "customer": 2,
    "delivery_address": "45 Park Street, Bristol",
    "delivery_postcode": "BS1 5JG",
    "delivery_date": "2026-05-10",
    "special_instructions": "",
    "subtotal_pence": 1220,
    "commission_pence": 61,
    "total_pence": 1281,
    "status": "pending",
    "created_at": "2026-05-07T10:15:55.936Z",
    "updated_at": "2026-05-07T10:15:55.936Z"
  }
},
{
  "model": "orders.producerorder",
  "pk": "08d321dc-07eb-5c77-a10d-7857a3bb68d3",
  "fields": {
    "customer_order": "eaa94cfd-fc4c-5b10-a566-48a40b4ce20e",
    "producer": 5,
    "subtotal_pence": 300,
    "commission_pence": 15,
    "producer_payment_pence": 285,
    "status": "delivered",
    "status_notes": "",
    "delivery_date": "2026-04-30",
    "created_at": "2026-05-07T10:15:55.918Z",
    "updated_at": "2026-05-07T10:15:55.918Z"
  }
},
{
  "model": "orders.producerorder",
  "pk": "0efb77d1-adbf-528c-878c-01e3f73f7cf1",
  "fields": {
    "customer_order": "c896b10b-9698-5b59-9b7b-0a017d89a01d",
    "producer": 2,
    "subtotal_pence": 2750,
    "commission_pence": 138,
    "producer_payment_pence": 2612,
    "status": "delivered",
    "status_notes": "",
    "delivery_date": "2026-05-03",
    "created_at": "2026-05-07T10:15:55.979Z",
    "updated_at": "2026-05-07T10:15:55.979Z"
  }
},
{
  "model": "orders.producerorder",
  "pk": "10191eaa-49d2-4515-a9af-f3a522a509a1",
  "fields": {
    "customer_order": "090931e5-86e5-4b66-9b3f-8673e99e92c8",
    "producer": 4,
    "subtotal_pence": 350,
    "commission_pence": 17,
    "producer_payment_pence": 333,
    "status": "delivered",
    "status_notes": "",
    "delivery_date": "2026-03-20",
    "created_at": "2026-03-17T21:40:58.367Z",
    "updated_at": "2026-03-17T21:41:33.961Z"
  }
},
{
  "model": "orders.producerorder",
  "pk": "1addfecd-bfe4-5edd-9cb0-707e73d6b216",
  "fields": {
    "customer_order": "3616a232-4465-572b-be88-d350a586f861",
    "producer": 2,
    "subtotal_pence": 1100,
    "commission_pence": 55,
    "producer_payment_pence": 1045,
    "status": "delivered",
    "status_notes": "",
    "delivery_date": "2026-04-27",
    "created_at": "2026-05-07T10:15:55.942Z",
    "updated_at": "2026-05-07T10:15:55.942Z"
  }
},
{
  "model": "orders.producerorder",
  "pk": "2f47acec-1a0c-5fc7-af4f-de89995f156d",
  "fields": {
    "customer_order": "dfeac10b-6ccc-5cd2-9866-3a46b22a2846",
    "producer": 6,
    "subtotal_pence": 1300,
    "commission_pence": 65,
    "producer_payment_pence": 1235,
    "status": "delivered",
    "status_notes": "",
    "delivery_date": "2026-05-04",
    "created_at": "2026-05-07T10:15:55.957Z",
    "updated_at": "2026-05-07T10:15:55.957Z"
  }
},
{
  "model": "orders.producerorder",
  "pk": "2f8fca95-31e9-45ba-80df-a331b60b2078",
  "fields": {
    "customer_order": "e218c739-371c-4466-97a5-23896f9966cc",
    "producer": 4,
    "subtotal_pence": 700,
    "commission_pence": 35,
    "producer_payment_pence": 665,
    "status": "delivered",
    "status_notes": "",
    "delivery_date": "2026-03-20",
    "created_at": "2026-03-17T21:26:24.260Z",
    "updated_at": "2026-03-17T21:27:01.067Z"
  }
},
{
  "model": "orders.producerorder",
  "pk": "330307ca-7003-5fa1-a419-4cac84d0ee6b",
  "fields": {
    "customer_order": "06f6ce02-bb7b-58de-a6fb-5823e6e112c8",
    "producer": 2,
    "subtotal_pence": 3600,
    "commission_pence": 180,
    "producer_payment_pence": 3420,
    "status": "delivered",
    "status_notes": "",
    "delivery_date": "2026-05-01",
    "created_at": "2026-05-07T10:15:55.968Z",
    "updated_at": "2026-05-07T10:15:55.968Z"
  }
},
{
  "model": "orders.producerorder",
  "pk": "3acd8d88-11b3-5b63-a99b-f90ccec84786",
  "fields": {
    "customer_order": "eaa94cfd-fc4c-5b10-a566-48a40b4ce20e",
    "producer": 2,
    "subtotal_pence": 790,
    "commission_pence": 40,
    "producer_payment_pence": 750,
    "status": "delivered",
    "status_notes": "",
    "delivery_date": "2026-04-30",
    "created_at": "2026-05-07T10:15:55.913Z",
    "updated_at": "2026-05-07T10:15:55.913Z"
  }
},
{
  "model": "orders.producerorder",
  "pk": "481f9d41-f0d4-564d-a68c-908d84947ff5",
  "fields": {
    "customer_order": "3616a232-4465-572b-be88-d350a586f861",
    "producer": 3,
    "subtotal_pence": 480,
    "commission_pence": 24,
    "producer_payment_pence": 456,
    "status": "delivered",
    "status_notes": "",
    "delivery_date": "2026-04-27",
    "created_at": "2026-05-07T10:15:55.947Z",
    "updated_at": "2026-05-07T10:15:55.947Z"
  }
},
{
  "model": "orders.producerorder",
  "pk": "5376edb2-7ed4-5a18-8fd0-b9959fb665b4",
  "fields": {
    "customer_order": "decd3d54-53df-51ba-9bdb-074ae17e94a2",
    "producer": 6,
    "subtotal_pence": 650,
    "commission_pence": 32,
    "producer_payment_pence": 618,
    "status": "delivered",
    "status_notes": "",
    "delivery_date": "2026-05-02",
    "created_at": "2026-05-07T10:15:55.929Z",
    "updated_at": "2026-05-07T10:15:55.929Z"
  }
},
{
  "model": "orders.producerorder",
  "pk": "5e11085e-ed55-5aa1-80ce-74b75df6e3b8",
  "fields": {
    "customer_order": "dfeac10b-6ccc-5cd2-9866-3a46b22a2846",
    "producer": 1,
    "subtotal_pence": 1250,
    "commission_pence": 62,
    "producer_payment_pence": 1188,
    "status": "delivered",
    "status_notes": "",
    "delivery_date": "2026-05-04",
    "created_at": "2026-05-07T10:15:55.951Z",
    "updated_at": "2026-05-07T10:15:55.951Z"
  }
},
{
  "model": "orders.producerorder",
  "pk": "66b88177-c156-5855-aa5c-2925e8319945",
  "fields": {
    "customer_order": "06f6ce02-bb7b-58de-a6fb-5823e6e112c8",
    "producer": 1,
    "subtotal_pence": 5000,
    "commission_pence": 250,
    "producer_payment_pence": 4750,
    "status": "delivered",
    "status_notes": "",
    "delivery_date": "2026-05-01",
    "created_at": "2026-05-07T10:15:55.971Z",
    "updated_at": "2026-05-07T10:15:55.971Z"
  }
},
{
  "model": "orders.producerorder",
  "pk": "673d18da-4864-4a2d-8ac9-aae1aea4eec2",
  "fields": {
    "customer_order": "db03ffd9-7273-4e14-9db0-2e545b06fd23",
    "producer": 4,
    "subtotal_pence": 700,
    "commission_pence": 35,
    "producer_payment_pence": 665,
    "status": "delivered",
    "status_notes": "",
    "delivery_date": "2026-03-19",
    "created_at": "2026-03-17T21:10:29.953Z",
    "updated_at": "2026-03-17T21:12:07.471Z"
  }
},
{
  "model": "orders.producerorder",
  "pk": "7dfdf321-f247-5346-ac8f-dd2937283be3",
  "fields": {
    "customer_order": "fd26a0ed-dbe1-52f3-bbe8-0f0b02ce7f08",
    "producer": 1,
    "subtotal_pence": 500,
    "commission_pence": 25,
    "producer_payment_pence": 475,
    "status": "pending",
    "status_notes": "",
    "delivery_date": "2026-05-10",
    "created_at": "2026-05-07T10:15:55.936Z",
    "updated_at": "2026-05-07T10:15:55.936Z"
  }
},
{
  "model": "orders.producerorder",
  "pk": "85559da8-f696-5b4d-82df-632cf0338200",
  "fields": {
    "customer_order": "af34feb3-ccc7-53a6-af07-800383d5dbaf",
    "producer": 1,
    "subtotal_pence": 240,
    "commission_pence": 12,
    "producer_payment_pence": 228,
    "status": "confirmed",
    "status_notes": "",
    "delivery_date": "2026-05-11",
    "created_at": "2026-05-07T10:15:55.962Z",
    "updated_at": "2026-05-07T10:15:55.962Z"
  }
},
{
  "model": "orders.producerorder",
  "pk": "8cc5cac0-ea65-58f0-bb1c-af14192b1fe0",
  "fields": {
    "customer_order": "dfeac10b-6ccc-5cd2-9866-3a46b22a2846",
    "producer": 4,
    "subtotal_pence": 800,
    "commission_pence": 40,
    "producer_payment_pence": 760,
    "status": "delivered",
    "status_notes": "",
    "delivery_date": "2026-05-04",
    "created_at": "2026-05-07T10:15:55.954Z",
    "updated_at": "2026-05-07T10:15:55.954Z"
  }
},
{
  "model": "orders.producerorder",
  "pk": "976beb6e-1a61-580f-8aaa-f218700b1ba6",
  "fields": {
    "customer_order": "3616a232-4465-572b-be88-d350a586f861",
    "producer": 8,
    "subtotal_pence": 380,
    "commission_pence": 19,
    "producer_payment_pence": 361,
    "status": "delivered",
    "status_notes": "",
    "delivery_date": "2026-04-27",
    "created_at": "2026-05-07T10:15:55.945Z",
    "updated_at": "2026-05-07T10:15:55.945Z"
  }
},
{
  "model": "orders.producerorder",
  "pk": "a0cc0315-8b57-57b8-9a83-388f868512c2",
  "fields": {
    "customer_order": "decd3d54-53df-51ba-9bdb-074ae17e94a2",
    "producer": 7,
    "subtotal_pence": 700,
    "commission_pence": 35,
    "producer_payment_pence": 665,
    "status": "delivered",
    "status_notes": "",
    "delivery_date": "2026-05-02",
    "created_at": "2026-05-07T10:15:55.924Z",
    "updated_at": "2026-05-07T10:15:55.924Z"
  }
},
{
  "model": "orders.producerorder",
  "pk": "a0d64891-406b-5347-a132-a506ab4ae6f4",
  "fields": {
    "customer_order": "fd26a0ed-dbe1-52f3-bbe8-0f0b02ce7f08",
    "producer": 2,
    "subtotal_pence": 120,
    "commission_pence": 6,
    "producer_payment_pence": 114,
    "status": "pending",
    "status_notes": "",
    "delivery_date": "2026-05-10",
    "created_at": "2026-05-07T10:15:55.938Z",
    "updated_at": "2026-05-07T10:15:55.938Z"
  }
},
{
  "model": "orders.producerorder",
  "pk": "a212dbcd-86b7-5574-83de-7f2ddb6119dd",
  "fields": {
    "customer_order": "acb41aa5-3767-5eac-96db-726584a02f7a",
    "producer": 1,
    "subtotal_pence": 990,
    "commission_pence": 50,
    "producer_payment_pence": 940,
    "status": "delivered",
    "status_notes": "",
    "delivery_date": "2026-04-23",
    "created_at": "2026-05-07T10:15:55.907Z",
    "updated_at": "2026-05-07T10:15:55.907Z"
  }
},
{
  "model": "orders.producerorder",
  "pk": "a454822b-04b2-53f4-9b82-466c826200ce",
  "fields": {
    "customer_order": "decd3d54-53df-51ba-9bdb-074ae17e94a2",
    "producer": 4,
    "subtotal_pence": 600,
    "commission_pence": 30,
    "producer_payment_pence": 570,
    "status": "delivered",
    "status_notes": "",
    "delivery_date": "2026-05-02",
    "created_at": "2026-05-07T10:15:55.932Z",
    "updated_at": "2026-05-07T10:15:55.932Z"
  }
},
{
  "model": "orders.producerorder",
  "pk": "c7994289-0e82-5067-9813-149be94d3ad8",
  "fields": {
    "customer_order": "fd26a0ed-dbe1-52f3-bbe8-0f0b02ce7f08",
    "producer": 5,
    "subtotal_pence": 600,
    "commission_pence": 30,
    "producer_payment_pence": 570,
    "status": "pending",
    "status_notes": "",
    "delivery_date": "2026-05-10",
    "created_at": "2026-05-07T10:15:55.939Z",
    "updated_at": "2026-05-07T10:15:55.939Z"
  }
},
{
  "model": "orders.producerorder",
  "pk": "d1b21c5d-c54d-5f26-bc7b-0a9cc1449d5e",
  "fields": {
    "customer_order": "af34feb3-ccc7-53a6-af07-800383d5dbaf",
    "producer": 7,
    "subtotal_pence": 1050,
    "commission_pence": 52,
    "producer_payment_pence": 998,
    "status": "confirmed",
    "status_notes": "",
    "delivery_date": "2026-05-11",
    "created_at": "2026-05-07T10:15:55.961Z",
    "updated_at": "2026-05-07T10:15:55.961Z"
  }
},
{
  "model": "orders.producerorder",
  "pk": "d4cca7b8-31e2-5131-a0ed-d255a9a48859",
  "fields": {
    "customer_order": "c896b10b-9698-5b59-9b7b-0a017d89a01d",
    "producer": 1,
    "subtotal_pence": 3460,
    "commission_pence": 173,
    "producer_payment_pence": 3287,
    "status": "delivered",
    "status_notes": "",
    "delivery_date": "2026-05-03",
    "created_at": "2026-05-07T10:15:55.975Z",
    "updated_at": "2026-05-07T10:15:55.975Z"
  }
},
{
  "model": "orders.producerorder",
  "pk": "ec93669d-4a68-5150-aebd-5e9fc4f9c92c",
  "fields": {
    "customer_order": "06f6ce02-bb7b-58de-a6fb-5823e6e112c8",
    "producer": 3,
    "subtotal_pence": 7500,
    "commission_pence": 375,
    "producer_payment_pence": 7125,
    "status": "delivered",
    "status_notes": "",
    "delivery_date": "2026-05-01",
    "created_at": "2026-05-07T10:15:55.966Z",
    "updated_at": "2026-05-07T10:15:55.966Z"
  }
},
{
  "model": "orders.producerorder",
  "pk": "f1337f94-f687-5ba2-af95-77b5d350a952",
  "fields": {
    "customer_order": "c896b10b-9698-5b59-9b7b-0a017d89a01d",
    "producer": 5,
    "subtotal_pence": 1800,
    "commission_pence": 90,
    "producer_payment_pence": 1710,
    "status": "delivered",
    "status_notes": "",
    "delivery_date": "2026-05-03",
    "created_at": "2026-05-07T10:15:55.981Z",
    "updated_at": "2026-05-07T10:15:55.981Z"
  }
},
{
  "model": "orders.orderitem",
  "pk": "17ff1cb9-eb07-5033-85e0-f70874979105",
  "fields": {
    "order": "3616a232-4465-572b-be88-d350a586f861",
    "product": "a1b2c3d4-0001-0001-0001-000000000023",
    "product_name": "Strawberry Jam",
    "product_unit": "340g jar",
    "price_pence": 380,
    "quantity": 1,
    "line_total_pence": 380,
    "created_at": "2026-05-07T10:15:55.945Z"
  }
},
{
  "model": "orders.orderitem",
  "pk": "189888fe-1ba6-5245-ae51-902229aa132b",
  "fields": {
    "order": "acb41aa5-3767-5eac-96db-726584a02f7a",
    "product": "a1b2c3d4-0001-0001-0001-000000000006",
    "product_name": "Organic Lettuce",
    "product_unit": "head",
    "price_pence": 120,
    "quantity": 2,
    "line_total_pence": 240,
    "created_at": "2026-05-07T10:15:55.908Z"
  }
},
{
  "model": "orders.orderitem",
  "pk": "2316356a-6c98-58fd-b87a-f60d1aa60ae0",
  "fields": {
    "order": "dfeac10b-6ccc-5cd2-9866-3a46b22a2846",
    "product": "a1b2c3d4-0001-0001-0001-000000000010",
    "product_name": "Fresh Apples",
    "product_unit": "kg",
    "price_pence": 200,
    "quantity": 4,
    "line_total_pence": 800,
    "created_at": "2026-05-07T10:15:55.954Z"
  }
},
{
  "model": "orders.orderitem",
  "pk": "395f6b6c-7aeb-5bd8-a440-e672b9b7e119",
  "fields": {
    "order": "06f6ce02-bb7b-58de-a6fb-5823e6e112c8",
    "product": "a1b2c3d4-0001-0001-0001-000000000001",
    "product_name": "Organic Carrots",
    "product_unit": "kg",
    "price_pence": 250,
    "quantity": 20,
    "line_total_pence": 5000,
    "created_at": "2026-05-07T10:15:55.972Z"
  }
},
{
  "model": "orders.orderitem",
  "pk": "3fcef55c-fb8e-572c-b934-223c85b5a97c",
  "fields": {
    "order": "c896b10b-9698-5b59-9b7b-0a017d89a01d",
    "product": "a1b2c3d4-0001-0001-0001-000000000015",
    "product_name": "Mature Cheddar Cheese",
    "product_unit": "200g",
    "price_pence": 550,
    "quantity": 5,
    "line_total_pence": 2750,
    "created_at": "2026-05-07T10:15:55.979Z"
  }
},
{
  "model": "orders.orderitem",
  "pk": "48bfecb6-0bb1-5b33-af40-a5d8d509b6ce",
  "fields": {
    "order": "fd26a0ed-dbe1-52f3-bbe8-0f0b02ce7f08",
    "product": "a1b2c3d4-0001-0001-0001-000000000014",
    "product_name": "Fresh Whole Milk",
    "product_unit": "litre",
    "price_pence": 120,
    "quantity": 1,
    "line_total_pence": 120,
    "created_at": "2026-05-07T10:15:55.938Z"
  }
},
{
  "model": "orders.orderitem",
  "pk": "4a0c84cf-e902-5159-a8bb-9c9e074d9f59",
  "fields": {
    "order": "dfeac10b-6ccc-5cd2-9866-3a46b22a2846",
    "product": "a1b2c3d4-0001-0001-0001-000000000001",
    "product_name": "Organic Carrots",
    "product_unit": "kg",
    "price_pence": 250,
    "quantity": 5,
    "line_total_pence": 1250,
    "created_at": "2026-05-07T10:15:55.952Z"
  }
},
{
  "model": "orders.orderitem",
  "pk": "4d1afb47-54ed-5498-a9f7-b440206c82a6",
  "fields": {
    "order": "eaa94cfd-fc4c-5b10-a566-48a40b4ce20e",
    "product": "a1b2c3d4-0001-0001-0001-000000000014",
    "product_name": "Fresh Whole Milk",
    "product_unit": "litre",
    "price_pence": 120,
    "quantity": 2,
    "line_total_pence": 240,
    "created_at": "2026-05-07T10:15:55.914Z"
  }
},
{
  "model": "orders.orderitem",
  "pk": "5963323f-0650-56f9-a208-a1c875d1a399",
  "fields": {
    "order": "06f6ce02-bb7b-58de-a6fb-5823e6e112c8",
    "product": "a1b2c3d4-0001-0001-0001-000000000014",
    "product_name": "Fresh Whole Milk",
    "product_unit": "litre",
    "price_pence": 120,
    "quantity": 30,
    "line_total_pence": 3600,
    "created_at": "2026-05-07T10:15:55.969Z"
  }
},
{
  "model": "orders.orderitem",
  "pk": "5a401314-4ae0-5e1f-853e-ff443ff3d02b",
  "fields": {
    "order": "decd3d54-53df-51ba-9bdb-074ae17e94a2",
    "product": "a1b2c3d4-0001-0001-0001-000000000010",
    "product_name": "Fresh Apples",
    "product_unit": "kg",
    "price_pence": 200,
    "quantity": 3,
    "line_total_pence": 600,
    "created_at": "2026-05-07T10:15:55.932Z"
  }
},
{
  "model": "orders.orderitem",
  "pk": "5ab43d68-69be-5250-947b-407f936ed989",
  "fields": {
    "order": "af34feb3-ccc7-53a6-af07-800383d5dbaf",
    "product": "a1b2c3d4-0001-0001-0001-000000000013",
    "product_name": "Organic Free Range Eggs",
    "product_unit": "dozen",
    "price_pence": 350,
    "quantity": 3,
    "line_total_pence": 1050,
    "created_at": "2026-05-07T10:15:55.962Z"
  }
},
{
  "model": "orders.orderitem",
  "pk": "6956bdae-b61e-5e35-8a6d-a97434f9ff6a",
  "fields": {
    "order": "af34feb3-ccc7-53a6-af07-800383d5dbaf",
    "product": "a1b2c3d4-0001-0001-0001-000000000006",
    "product_name": "Organic Lettuce",
    "product_unit": "head",
    "price_pence": 120,
    "quantity": 2,
    "line_total_pence": 240,
    "created_at": "2026-05-07T10:15:55.963Z"
  }
},
{
  "model": "orders.orderitem",
  "pk": "6fbdc35a-f225-523b-92a7-50e154fb54f9",
  "fields": {
    "order": "dfeac10b-6ccc-5cd2-9866-3a46b22a2846",
    "product": "a1b2c3d4-0001-0001-0001-000000000025",
    "product_name": "Wildflower Honey",
    "product_unit": "340g jar",
    "price_pence": 650,
    "quantity": 2,
    "line_total_pence": 1300,
    "created_at": "2026-05-07T10:15:55.957Z"
  }
},
{
  "model": "orders.orderitem",
  "pk": "71fc6ced-f094-5e3f-9656-db55ce3cb8ae",
  "fields": {
    "order": "fd26a0ed-dbe1-52f3-bbe8-0f0b02ce7f08",
    "product": "a1b2c3d4-0001-0001-0001-000000000020",
    "product_name": "Sourdough Loaf",
    "product_unit": "loaf",
    "price_pence": 300,
    "quantity": 2,
    "line_total_pence": 600,
    "created_at": "2026-05-07T10:15:55.939Z"
  }
},
{
  "model": "orders.orderitem",
  "pk": "7901db6c-449e-5b72-a8de-68b84168fdee",
  "fields": {
    "order": "eaa94cfd-fc4c-5b10-a566-48a40b4ce20e",
    "product": "a1b2c3d4-0001-0001-0001-000000000020",
    "product_name": "Sourdough Loaf",
    "product_unit": "loaf",
    "price_pence": 300,
    "quantity": 1,
    "line_total_pence": 300,
    "created_at": "2026-05-07T10:15:55.919Z"
  }
},
{
  "model": "orders.orderitem",
  "pk": "7c47b76b-dc72-4c41-a560-08290f668dbd",
  "fields": {
    "order": "e218c739-371c-4466-97a5-23896f9966cc",
    "product": "26884068-629f-4089-af31-7e3394bc8d01",
    "product_name": "strawberry",
    "product_unit": "kg",
    "price_pence": 350,
    "quantity": 2,
    "line_total_pence": 700,
    "created_at": "2026-03-17T21:26:24.258Z"
  }
},
{
  "model": "orders.orderitem",
  "pk": "7c616b5b-6c25-5c8a-a8de-a67f0fd43437",
  "fields": {
    "order": "decd3d54-53df-51ba-9bdb-074ae17e94a2",
    "product": "a1b2c3d4-0001-0001-0001-000000000025",
    "product_name": "Wildflower Honey",
    "product_unit": "340g jar",
    "price_pence": 650,
    "quantity": 1,
    "line_total_pence": 650,
    "created_at": "2026-05-07T10:15:55.929Z"
  }
},
{
  "model": "orders.orderitem",
  "pk": "8a708ee6-930e-53a5-8b79-0f02b2446567",
  "fields": {
    "order": "c896b10b-9698-5b59-9b7b-0a017d89a01d",
    "product": "a1b2c3d4-0001-0001-0001-000000000006",
    "product_name": "Organic Lettuce",
    "product_unit": "head",
    "price_pence": 120,
    "quantity": 8,
    "line_total_pence": 960,
    "created_at": "2026-05-07T10:15:55.976Z"
  }
},
{
  "model": "orders.orderitem",
  "pk": "9b86e2a1-3746-5ad5-8c09-d15b551cbcad",
  "fields": {
    "order": "3616a232-4465-572b-be88-d350a586f861",
    "product": "a1b2c3d4-0001-0001-0001-000000000026",
    "product_name": "Pork Sausages",
    "product_unit": "pack of 6",
    "price_pence": 480,
    "quantity": 1,
    "line_total_pence": 480,
    "created_at": "2026-05-07T10:15:55.948Z"
  }
},
{
  "model": "orders.orderitem",
  "pk": "9dce2633-a0db-5dd0-839c-08ea0e0df819",
  "fields": {
    "order": "c896b10b-9698-5b59-9b7b-0a017d89a01d",
    "product": "a1b2c3d4-0001-0001-0001-000000000020",
    "product_name": "Sourdough Loaf",
    "product_unit": "loaf",
    "price_pence": 300,
    "quantity": 6,
    "line_total_pence": 1800,
    "created_at": "2026-05-07T10:15:55.982Z"
  }
},
{
  "model": "orders.orderitem",
  "pk": "9f1f7413-2096-5764-983d-5de12758a7fa",
  "fields": {
    "order": "fd26a0ed-dbe1-52f3-bbe8-0f0b02ce7f08",
    "product": "a1b2c3d4-0001-0001-0001-000000000001",
    "product_name": "Organic Carrots",
    "product_unit": "kg",
    "price_pence": 250,
    "quantity": 2,
    "line_total_pence": 500,
    "created_at": "2026-05-07T10:15:55.937Z"
  }
},
{
  "model": "orders.orderitem",
  "pk": "ab31b6fb-5a3e-4efc-aec5-336595303d2f",
  "fields": {
    "order": "db03ffd9-7273-4e14-9db0-2e545b06fd23",
    "product": "26884068-629f-4089-af31-7e3394bc8d01",
    "product_name": "strawberry",
    "product_unit": "kg",
    "price_pence": 350,
    "quantity": 2,
    "line_total_pence": 700,
    "created_at": "2026-03-17T21:10:29.950Z"
  }
},
{
  "model": "orders.orderitem",
  "pk": "ae2b98f6-4d67-4f70-b781-48736f23a5c4",
  "fields": {
    "order": "090931e5-86e5-4b66-9b3f-8673e99e92c8",
    "product": "26884068-629f-4089-af31-7e3394bc8d01",
    "product_name": "strawberry",
    "product_unit": "kg",
    "price_pence": 350,
    "quantity": 1,
    "line_total_pence": 350,
    "created_at": "2026-03-17T21:40:58.366Z"
  }
},
{
  "model": "orders.orderitem",
  "pk": "b3181c79-e871-56f8-9bea-7752bc829431",
  "fields": {
    "order": "decd3d54-53df-51ba-9bdb-074ae17e94a2",
    "product": "a1b2c3d4-0001-0001-0001-000000000013",
    "product_name": "Organic Free Range Eggs",
    "product_unit": "dozen",
    "price_pence": 350,
    "quantity": 2,
    "line_total_pence": 700,
    "created_at": "2026-05-07T10:15:55.925Z"
  }
},
{
  "model": "orders.orderitem",
  "pk": "bf5d7b8b-596a-5b9a-8ff1-c6a94c2631cf",
  "fields": {
    "order": "eaa94cfd-fc4c-5b10-a566-48a40b4ce20e",
    "product": "a1b2c3d4-0001-0001-0001-000000000015",
    "product_name": "Mature Cheddar Cheese",
    "product_unit": "200g",
    "price_pence": 550,
    "quantity": 1,
    "line_total_pence": 550,
    "created_at": "2026-05-07T10:15:55.914Z"
  }
},
{
  "model": "orders.orderitem",
  "pk": "cfb6a3b7-e696-5516-a99a-3d3d170a95a8",
  "fields": {
    "order": "3616a232-4465-572b-be88-d350a586f861",
    "product": "a1b2c3d4-0001-0001-0001-000000000015",
    "product_name": "Mature Cheddar Cheese",
    "product_unit": "200g",
    "price_pence": 550,
    "quantity": 2,
    "line_total_pence": 1100,
    "created_at": "2026-05-07T10:15:55.942Z"
  }
},
{
  "model": "orders.orderitem",
  "pk": "d4522143-6703-580c-bbac-98ebbd42e5c5",
  "fields": {
    "order": "acb41aa5-3767-5eac-96db-726584a02f7a",
    "product": "a1b2c3d4-0001-0001-0001-000000000001",
    "product_name": "Organic Carrots",
    "product_unit": "kg",
    "price_pence": 250,
    "quantity": 3,
    "line_total_pence": 750,
    "created_at": "2026-05-07T10:15:55.908Z"
  }
},
{
  "model": "orders.orderitem",
  "pk": "d946bfe7-c3ae-5bd9-974d-a1cd78dfb29c",
  "fields": {
    "order": "06f6ce02-bb7b-58de-a6fb-5823e6e112c8",
    "product": "a1b2c3d4-0001-0001-0001-000000000007",
    "product_name": "Stored Potatoes",
    "product_unit": "kg",
    "price_pence": 150,
    "quantity": 50,
    "line_total_pence": 7500,
    "created_at": "2026-05-07T10:15:55.966Z"
  }
},
{
  "model": "orders.orderitem",
  "pk": "df7e754a-6be5-5657-bd1d-3a36475848c8",
  "fields": {
    "order": "c896b10b-9698-5b59-9b7b-0a017d89a01d",
    "product": "a1b2c3d4-0001-0001-0001-000000000001",
    "product_name": "Organic Carrots",
    "product_unit": "kg",
    "price_pence": 250,
    "quantity": 10,
    "line_total_pence": 2500,
    "created_at": "2026-05-07T10:15:55.976Z"
  }
},
{
  "model": "orders.orderstatushistory",
  "pk": "129b7497-2c01-5691-81ff-40e2500b9e70",
  "fields": {
    "producer_order": "a212dbcd-86b7-5574-83de-7f2ddb6119dd",
    "old_status": "pending",
    "new_status": "confirmed",
    "notes": "",
    "changed_by": null,
    "changed_at": "2026-05-07T10:15:55.909Z"
  }
},
{
  "model": "orders.orderstatushistory",
  "pk": "1493b158-3904-577a-ab65-619966690f9b",
  "fields": {
    "producer_order": "5376edb2-7ed4-5a18-8fd0-b9959fb665b4",
    "old_status": "confirmed",
    "new_status": "ready",
    "notes": "",
    "changed_by": null,
    "changed_at": "2026-05-07T10:15:55.930Z"
  }
},
{
  "model": "orders.orderstatushistory",
  "pk": "15317013-a515-59c3-9522-d21de6b9b5ae",
  "fields": {
    "producer_order": "976beb6e-1a61-580f-8aaa-f218700b1ba6",
    "old_status": "ready",
    "new_status": "delivered",
    "notes": "",
    "changed_by": null,
    "changed_at": "2026-05-07T10:15:55.947Z"
  }
},
{
  "model": "orders.orderstatushistory",
  "pk": "1a2d1e32-b4bd-59ad-a152-a975e700147a",
  "fields": {
    "producer_order": "d4cca7b8-31e2-5131-a0ed-d255a9a48859",
    "old_status": "ready",
    "new_status": "delivered",
    "notes": "",
    "changed_by": null,
    "changed_at": "2026-05-07T10:15:55.978Z"
  }
},
{
  "model": "orders.orderstatushistory",
  "pk": "1aaf8bf8-804a-58ed-8a77-0b26844381c7",
  "fields": {
    "producer_order": "481f9d41-f0d4-564d-a68c-908d84947ff5",
    "old_status": "confirmed",
    "new_status": "ready",
    "notes": "",
    "changed_by": null,
    "changed_at": "2026-05-07T10:15:55.949Z"
  }
},
{
  "model": "orders.orderstatushistory",
  "pk": "1f5826cb-0d24-5202-9089-e97496897c9e",
  "fields": {
    "producer_order": "08d321dc-07eb-5c77-a10d-7857a3bb68d3",
    "old_status": "ready",
    "new_status": "delivered",
    "notes": "",
    "changed_by": null,
    "changed_at": "2026-05-07T10:15:55.921Z"
  }
},
{
  "model": "orders.orderstatushistory",
  "pk": "1fb42ed7-7cac-5f21-b0b0-8cd6ee72b7e6",
  "fields": {
    "producer_order": "330307ca-7003-5fa1-a419-4cac84d0ee6b",
    "old_status": "confirmed",
    "new_status": "ready",
    "notes": "",
    "changed_by": null,
    "changed_at": "2026-05-07T10:15:55.970Z"
  }
},
{
  "model": "orders.orderstatushistory",
  "pk": "203b9295-b281-5955-8883-899519a69334",
  "fields": {
    "producer_order": "3acd8d88-11b3-5b63-a99b-f90ccec84786",
    "old_status": "confirmed",
    "new_status": "ready",
    "notes": "",
    "changed_by": null,
    "changed_at": "2026-05-07T10:15:55.916Z"
  }
},
{
  "model": "orders.orderstatushistory",
  "pk": "23f980df-0e15-524b-a71d-bcc85dd80095",
  "fields": {
    "producer_order": "a0cc0315-8b57-57b8-9a83-388f868512c2",
    "old_status": "pending",
    "new_status": "confirmed",
    "notes": "",
    "changed_by": null,
    "changed_at": "2026-05-07T10:15:55.925Z"
  }
},
{
  "model": "orders.orderstatushistory",
  "pk": "2b0b067d-1fc9-40af-9a89-1b9a56e7f06a",
  "fields": {
    "producer_order": "2f8fca95-31e9-45ba-80df-a331b60b2078",
    "old_status": "pending",
    "new_status": "confirmed",
    "notes": "",
    "changed_by": 5,
    "changed_at": "2026-03-17T21:26:56.654Z"
  }
},
{
  "model": "orders.orderstatushistory",
  "pk": "3bf2499a-a31d-563f-9696-51feb227b439",
  "fields": {
    "producer_order": "2f47acec-1a0c-5fc7-af4f-de89995f156d",
    "old_status": "pending",
    "new_status": "confirmed",
    "notes": "",
    "changed_by": null,
    "changed_at": "2026-05-07T10:15:55.958Z"
  }
},
{
  "model": "orders.orderstatushistory",
  "pk": "3d0e00bf-130b-4c60-9bf9-c95c31592979",
  "fields": {
    "producer_order": "10191eaa-49d2-4515-a9af-f3a522a509a1",
    "old_status": "confirmed",
    "new_status": "ready",
    "notes": "",
    "changed_by": 5,
    "changed_at": "2026-03-17T21:41:31.321Z"
  }
},
{
  "model": "orders.orderstatushistory",
  "pk": "406410fc-6321-545e-9d7a-543c1baa1d20",
  "fields": {
    "producer_order": "08d321dc-07eb-5c77-a10d-7857a3bb68d3",
    "old_status": "pending",
    "new_status": "confirmed",
    "notes": "",
    "changed_by": null,
    "changed_at": "2026-05-07T10:15:55.920Z"
  }
},
{
  "model": "orders.orderstatushistory",
  "pk": "41417423-c562-5229-965f-33bc8b2f4866",
  "fields": {
    "producer_order": "a454822b-04b2-53f4-9b82-466c826200ce",
    "old_status": "ready",
    "new_status": "delivered",
    "notes": "",
    "changed_by": null,
    "changed_at": "2026-05-07T10:15:55.934Z"
  }
},
{
  "model": "orders.orderstatushistory",
  "pk": "43e3f00e-0936-5f1e-867c-08a529e98390",
  "fields": {
    "producer_order": "5e11085e-ed55-5aa1-80ce-74b75df6e3b8",
    "old_status": "pending",
    "new_status": "confirmed",
    "notes": "",
    "changed_by": null,
    "changed_at": "2026-05-07T10:15:55.952Z"
  }
},
{
  "model": "orders.orderstatushistory",
  "pk": "4551cca3-4d0f-41f4-9293-df6ee007bb0b",
  "fields": {
    "producer_order": "10191eaa-49d2-4515-a9af-f3a522a509a1",
    "old_status": "ready",
    "new_status": "delivered",
    "notes": "",
    "changed_by": 5,
    "changed_at": "2026-03-17T21:41:33.961Z"
  }
},
{
  "model": "orders.orderstatushistory",
  "pk": "471d5281-23ad-5ced-8e67-f77deff86560",
  "fields": {
    "producer_order": "330307ca-7003-5fa1-a419-4cac84d0ee6b",
    "old_status": "pending",
    "new_status": "confirmed",
    "notes": "",
    "changed_by": null,
    "changed_at": "2026-05-07T10:15:55.969Z"
  }
},
{
  "model": "orders.orderstatushistory",
  "pk": "4bfa727a-7245-5425-b7f2-8d0dfb4fcd66",
  "fields": {
    "producer_order": "5376edb2-7ed4-5a18-8fd0-b9959fb665b4",
    "old_status": "pending",
    "new_status": "confirmed",
    "notes": "",
    "changed_by": null,
    "changed_at": "2026-05-07T10:15:55.930Z"
  }
},
{
  "model": "orders.orderstatushistory",
  "pk": "5698fa97-381d-4fbb-9188-a57eebe1dcbd",
  "fields": {
    "producer_order": "2f8fca95-31e9-45ba-80df-a331b60b2078",
    "old_status": "confirmed",
    "new_status": "ready",
    "notes": "",
    "changed_by": 5,
    "changed_at": "2026-03-17T21:26:58.893Z"
  }
},
{
  "model": "orders.orderstatushistory",
  "pk": "5d05f1f3-65e9-5255-bee9-85d5c1e10d71",
  "fields": {
    "producer_order": "2f47acec-1a0c-5fc7-af4f-de89995f156d",
    "old_status": "ready",
    "new_status": "delivered",
    "notes": "",
    "changed_by": null,
    "changed_at": "2026-05-07T10:15:55.959Z"
  }
},
{
  "model": "orders.orderstatushistory",
  "pk": "60e53d05-b882-5c77-829a-df9c81768673",
  "fields": {
    "producer_order": "2f47acec-1a0c-5fc7-af4f-de89995f156d",
    "old_status": "confirmed",
    "new_status": "ready",
    "notes": "",
    "changed_by": null,
    "changed_at": "2026-05-07T10:15:55.958Z"
  }
},
{
  "model": "orders.orderstatushistory",
  "pk": "6cd2fd6e-053f-4b61-8512-3b9d8ed1d56b",
  "fields": {
    "producer_order": "10191eaa-49d2-4515-a9af-f3a522a509a1",
    "old_status": "pending",
    "new_status": "confirmed",
    "notes": "",
    "changed_by": 5,
    "changed_at": "2026-03-17T21:41:28.746Z"
  }
},
{
  "model": "orders.orderstatushistory",
  "pk": "6fa9187f-3f8d-4f71-beb8-d7740f5d2d45",
  "fields": {
    "producer_order": "673d18da-4864-4a2d-8ac9-aae1aea4eec2",
    "old_status": "pending",
    "new_status": "confirmed",
    "notes": "",
    "changed_by": 5,
    "changed_at": "2026-03-17T21:11:59.717Z"
  }
},
{
  "model": "orders.orderstatushistory",
  "pk": "83f08551-a96f-5a58-b550-41d72cedbe04",
  "fields": {
    "producer_order": "8cc5cac0-ea65-58f0-bb1c-af14192b1fe0",
    "old_status": "ready",
    "new_status": "delivered",
    "notes": "",
    "changed_by": null,
    "changed_at": "2026-05-07T10:15:55.956Z"
  }
},
{
  "model": "orders.orderstatushistory",
  "pk": "87dce599-5457-55b5-b2a8-e8115f201a14",
  "fields": {
    "producer_order": "3acd8d88-11b3-5b63-a99b-f90ccec84786",
    "old_status": "ready",
    "new_status": "delivered",
    "notes": "",
    "changed_by": null,
    "changed_at": "2026-05-07T10:15:55.917Z"
  }
},
{
  "model": "orders.orderstatushistory",
  "pk": "8b2fe033-6d6c-55df-9799-28be6ebc0c01",
  "fields": {
    "producer_order": "976beb6e-1a61-580f-8aaa-f218700b1ba6",
    "old_status": "confirmed",
    "new_status": "ready",
    "notes": "",
    "changed_by": null,
    "changed_at": "2026-05-07T10:15:55.946Z"
  }
},
{
  "model": "orders.orderstatushistory",
  "pk": "8d735179-5efd-5ae5-bd6e-2db6115b29b4",
  "fields": {
    "producer_order": "8cc5cac0-ea65-58f0-bb1c-af14192b1fe0",
    "old_status": "pending",
    "new_status": "confirmed",
    "notes": "",
    "changed_by": null,
    "changed_at": "2026-05-07T10:15:55.955Z"
  }
},
{
  "model": "orders.orderstatushistory",
  "pk": "8de72b8a-7bb9-5215-9202-8df45215540d",
  "fields": {
    "producer_order": "481f9d41-f0d4-564d-a68c-908d84947ff5",
    "old_status": "ready",
    "new_status": "delivered",
    "notes": "",
    "changed_by": null,
    "changed_at": "2026-05-07T10:15:55.949Z"
  }
},
{
  "model": "orders.orderstatushistory",
  "pk": "8fd094c0-22bd-57f9-abc4-b2db3c7b6f3b",
  "fields": {
    "producer_order": "481f9d41-f0d4-564d-a68c-908d84947ff5",
    "old_status": "pending",
    "new_status": "confirmed",
    "notes": "",
    "changed_by": null,
    "changed_at": "2026-05-07T10:15:55.948Z"
  }
},
{
  "model": "orders.orderstatushistory",
  "pk": "975918b4-30fc-5551-abbb-ba71bf16ef2b",
  "fields": {
    "producer_order": "3acd8d88-11b3-5b63-a99b-f90ccec84786",
    "old_status": "pending",
    "new_status": "confirmed",
    "notes": "",
    "changed_by": null,
    "changed_at": "2026-05-07T10:15:55.915Z"
  }
},
{
  "model": "orders.orderstatushistory",
  "pk": "9c5b966e-4faf-5e87-a554-33d6dc666ec9",
  "fields": {
    "producer_order": "a212dbcd-86b7-5574-83de-7f2ddb6119dd",
    "old_status": "confirmed",
    "new_status": "ready",
    "notes": "",
    "changed_by": null,
    "changed_at": "2026-05-07T10:15:55.909Z"
  }
},
{
  "model": "orders.orderstatushistory",
  "pk": "accfc265-33f2-54f2-aa9a-ec4a3caaf886",
  "fields": {
    "producer_order": "1addfecd-bfe4-5edd-9cb0-707e73d6b216",
    "old_status": "pending",
    "new_status": "confirmed",
    "notes": "",
    "changed_by": null,
    "changed_at": "2026-05-07T10:15:55.943Z"
  }
},
{
  "model": "orders.orderstatushistory",
  "pk": "ad0d43f0-96ad-546e-bd76-5267ead1b9b4",
  "fields": {
    "producer_order": "66b88177-c156-5855-aa5c-2925e8319945",
    "old_status": "pending",
    "new_status": "confirmed",
    "notes": "",
    "changed_by": null,
    "changed_at": "2026-05-07T10:15:55.972Z"
  }
},
{
  "model": "orders.orderstatushistory",
  "pk": "ad94e871-8502-5273-9257-f7f9695eb6f7",
  "fields": {
    "producer_order": "0efb77d1-adbf-528c-878c-01e3f73f7cf1",
    "old_status": "confirmed",
    "new_status": "ready",
    "notes": "",
    "changed_by": null,
    "changed_at": "2026-05-07T10:15:55.980Z"
  }
},
{
  "model": "orders.orderstatushistory",
  "pk": "b029126e-8952-5abd-abee-f5b967f3237f",
  "fields": {
    "producer_order": "08d321dc-07eb-5c77-a10d-7857a3bb68d3",
    "old_status": "confirmed",
    "new_status": "ready",
    "notes": "",
    "changed_by": null,
    "changed_at": "2026-05-07T10:15:55.921Z"
  }
},
{
  "model": "orders.orderstatushistory",
  "pk": "b0c14db1-9436-545e-9673-e791171ffdad",
  "fields": {
    "producer_order": "0efb77d1-adbf-528c-878c-01e3f73f7cf1",
    "old_status": "pending",
    "new_status": "confirmed",
    "notes": "",
    "changed_by": null,
    "changed_at": "2026-05-07T10:15:55.980Z"
  }
},
{
  "model": "orders.orderstatushistory",
  "pk": "b2e42e3f-b044-5ff8-8763-b7c63323ea1c",
  "fields": {
    "producer_order": "a454822b-04b2-53f4-9b82-466c826200ce",
    "old_status": "confirmed",
    "new_status": "ready",
    "notes": "",
    "changed_by": null,
    "changed_at": "2026-05-07T10:15:55.933Z"
  }
},
{
  "model": "orders.orderstatushistory",
  "pk": "b32ed011-452d-547e-8d43-a29f3f4e42eb",
  "fields": {
    "producer_order": "66b88177-c156-5855-aa5c-2925e8319945",
    "old_status": "confirmed",
    "new_status": "ready",
    "notes": "",
    "changed_by": null,
    "changed_at": "2026-05-07T10:15:55.973Z"
  }
},
{
  "model": "orders.orderstatushistory",
  "pk": "b5fc9483-9ef9-53da-b4b9-60ea423b67eb",
  "fields": {
    "producer_order": "5376edb2-7ed4-5a18-8fd0-b9959fb665b4",
    "old_status": "ready",
    "new_status": "delivered",
    "notes": "",
    "changed_by": null,
    "changed_at": "2026-05-07T10:15:55.931Z"
  }
},
{
  "model": "orders.orderstatushistory",
  "pk": "b6bb8184-c2f1-553c-95ea-d2fe8e89b0fc",
  "fields": {
    "producer_order": "5e11085e-ed55-5aa1-80ce-74b75df6e3b8",
    "old_status": "confirmed",
    "new_status": "ready",
    "notes": "",
    "changed_by": null,
    "changed_at": "2026-05-07T10:15:55.953Z"
  }
},
{
  "model": "orders.orderstatushistory",
  "pk": "b7f51ff8-f6cd-52fd-9173-43a028ff1f19",
  "fields": {
    "producer_order": "a0cc0315-8b57-57b8-9a83-388f868512c2",
    "old_status": "ready",
    "new_status": "delivered",
    "notes": "",
    "changed_by": null,
    "changed_at": "2026-05-07T10:15:55.928Z"
  }
},
{
  "model": "orders.orderstatushistory",
  "pk": "bb695f3e-db32-5e1e-9d0d-955ccad57040",
  "fields": {
    "producer_order": "f1337f94-f687-5ba2-af95-77b5d350a952",
    "old_status": "pending",
    "new_status": "confirmed",
    "notes": "",
    "changed_by": null,
    "changed_at": "2026-05-07T10:15:55.982Z"
  }
},
{
  "model": "orders.orderstatushistory",
  "pk": "bd45405f-8850-5169-bca2-da2451a7ef21",
  "fields": {
    "producer_order": "976beb6e-1a61-580f-8aaa-f218700b1ba6",
    "old_status": "pending",
    "new_status": "confirmed",
    "notes": "",
    "changed_by": null,
    "changed_at": "2026-05-07T10:15:55.946Z"
  }
},
{
  "model": "orders.orderstatushistory",
  "pk": "be894f11-e602-56f5-9e89-5e15d1c4cb8c",
  "fields": {
    "producer_order": "1addfecd-bfe4-5edd-9cb0-707e73d6b216",
    "old_status": "ready",
    "new_status": "delivered",
    "notes": "",
    "changed_by": null,
    "changed_at": "2026-05-07T10:15:55.944Z"
  }
},
{
  "model": "orders.orderstatushistory",
  "pk": "c1d9d29c-4324-5430-bacc-3ffb0ec3dc30",
  "fields": {
    "producer_order": "a212dbcd-86b7-5574-83de-7f2ddb6119dd",
    "old_status": "ready",
    "new_status": "delivered",
    "notes": "",
    "changed_by": null,
    "changed_at": "2026-05-07T10:15:55.910Z"
  }
},
{
  "model": "orders.orderstatushistory",
  "pk": "c3314832-0233-532c-a854-beca2798feb5",
  "fields": {
    "producer_order": "330307ca-7003-5fa1-a419-4cac84d0ee6b",
    "old_status": "ready",
    "new_status": "delivered",
    "notes": "",
    "changed_by": null,
    "changed_at": "2026-05-07T10:15:55.970Z"
  }
},
{
  "model": "orders.orderstatushistory",
  "pk": "ca1fb10d-5cd6-5a6c-ae8f-9aab0f81b996",
  "fields": {
    "producer_order": "f1337f94-f687-5ba2-af95-77b5d350a952",
    "old_status": "confirmed",
    "new_status": "ready",
    "notes": "",
    "changed_by": null,
    "changed_at": "2026-05-07T10:15:55.983Z"
  }
},
{
  "model": "orders.orderstatushistory",
  "pk": "cb09fa29-1b13-49d2-afbe-262eebc250a9",
  "fields": {
    "producer_order": "673d18da-4864-4a2d-8ac9-aae1aea4eec2",
    "old_status": "confirmed",
    "new_status": "ready",
    "notes": "",
    "changed_by": 5,
    "changed_at": "2026-03-17T21:12:02.489Z"
  }
},
{
  "model": "orders.orderstatushistory",
  "pk": "d00c3032-41ba-5307-a3c4-043f72f94864",
  "fields": {
    "producer_order": "f1337f94-f687-5ba2-af95-77b5d350a952",
    "old_status": "ready",
    "new_status": "delivered",
    "notes": "",
    "changed_by": null,
    "changed_at": "2026-05-07T10:15:55.983Z"
  }
},
{
  "model": "orders.orderstatushistory",
  "pk": "d014c6f8-0eea-5892-bdfe-846c0597025c",
  "fields": {
    "producer_order": "ec93669d-4a68-5150-aebd-5e9fc4f9c92c",
    "old_status": "ready",
    "new_status": "delivered",
    "notes": "",
    "changed_by": null,
    "changed_at": "2026-05-07T10:15:55.968Z"
  }
},
{
  "model": "orders.orderstatushistory",
  "pk": "d44ef5c9-3842-5f56-ba27-dfe0355a48a1",
  "fields": {
    "producer_order": "5e11085e-ed55-5aa1-80ce-74b75df6e3b8",
    "old_status": "ready",
    "new_status": "delivered",
    "notes": "",
    "changed_by": null,
    "changed_at": "2026-05-07T10:15:55.953Z"
  }
},
{
  "model": "orders.orderstatushistory",
  "pk": "d5e3ec50-ec3d-5d7a-87ee-bbd6e310b132",
  "fields": {
    "producer_order": "ec93669d-4a68-5150-aebd-5e9fc4f9c92c",
    "old_status": "pending",
    "new_status": "confirmed",
    "notes": "",
    "changed_by": null,
    "changed_at": "2026-05-07T10:15:55.967Z"
  }
},
{
  "model": "orders.orderstatushistory",
  "pk": "d7c728ea-f998-5d14-9a06-f2e8c1664a95",
  "fields": {
    "producer_order": "d4cca7b8-31e2-5131-a0ed-d255a9a48859",
    "old_status": "confirmed",
    "new_status": "ready",
    "notes": "",
    "changed_by": null,
    "changed_at": "2026-05-07T10:15:55.977Z"
  }
},
{
  "model": "orders.orderstatushistory",
  "pk": "d7f0806e-f2a8-4382-9753-063ecef2c0bc",
  "fields": {
    "producer_order": "673d18da-4864-4a2d-8ac9-aae1aea4eec2",
    "old_status": "ready",
    "new_status": "delivered",
    "notes": "",
    "changed_by": 5,
    "changed_at": "2026-03-17T21:12:07.472Z"
  }
},
{
  "model": "orders.orderstatushistory",
  "pk": "dae6cb53-3b34-5d9a-b56d-d10e67b7b276",
  "fields": {
    "producer_order": "ec93669d-4a68-5150-aebd-5e9fc4f9c92c",
    "old_status": "confirmed",
    "new_status": "ready",
    "notes": "",
    "changed_by": null,
    "changed_at": "2026-05-07T10:15:55.967Z"
  }
},
{
  "model": "orders.orderstatushistory",
  "pk": "e5c001ee-a534-4e76-bd5a-e1421ab8eb9a",
  "fields": {
    "producer_order": "2f8fca95-31e9-45ba-80df-a331b60b2078",
    "old_status": "ready",
    "new_status": "delivered",
    "notes": "",
    "changed_by": 5,
    "changed_at": "2026-03-17T21:27:01.068Z"
  }
},
{
  "model": "orders.orderstatushistory",
  "pk": "e7eaaa7b-926e-5274-a3e9-63f5cc0d3bcb",
  "fields": {
    "producer_order": "8cc5cac0-ea65-58f0-bb1c-af14192b1fe0",
    "old_status": "confirmed",
    "new_status": "ready",
    "notes": "",
    "changed_by": null,
    "changed_at": "2026-05-07T10:15:55.956Z"
  }
},
{
  "model": "orders.orderstatushistory",
  "pk": "e8142526-7129-5815-a838-b7c9f5156d99",
  "fields": {
    "producer_order": "0efb77d1-adbf-528c-878c-01e3f73f7cf1",
    "old_status": "ready",
    "new_status": "delivered",
    "notes": "",
    "changed_by": null,
    "changed_at": "2026-05-07T10:15:55.981Z"
  }
},
{
  "model": "orders.orderstatushistory",
  "pk": "e8d83156-372c-5995-bf87-bd7a43fd6f50",
  "fields": {
    "producer_order": "a454822b-04b2-53f4-9b82-466c826200ce",
    "old_status": "pending",
    "new_status": "confirmed",
    "notes": "",
    "changed_by": null,
    "changed_at": "2026-05-07T10:15:55.933Z"
  }
},
{
  "model": "orders.orderstatushistory",
  "pk": "eaf55b9e-fd3c-5eb7-9d45-e9ebf3e52efe",
  "fields": {
    "producer_order": "1addfecd-bfe4-5edd-9cb0-707e73d6b216",
    "old_status": "confirmed",
    "new_status": "ready",
    "notes": "",
    "changed_by": null,
    "changed_at": "2026-05-07T10:15:55.943Z"
  }
},
{
  "model": "orders.orderstatushistory",
  "pk": "ebe0bb53-a69d-5c28-a142-99a85e308762",
  "fields": {
    "producer_order": "a0cc0315-8b57-57b8-9a83-388f868512c2",
    "old_status": "confirmed",
    "new_status": "ready",
    "notes": "",
    "changed_by": null,
    "changed_at": "2026-05-07T10:15:55.926Z"
  }
},
{
  "model": "orders.orderstatushistory",
  "pk": "f6c76e31-59c2-517e-beaf-cc0b2870a940",
  "fields": {
    "producer_order": "d4cca7b8-31e2-5131-a0ed-d255a9a48859",
    "old_status": "pending",
    "new_status": "confirmed",
    "notes": "",
    "changed_by": null,
    "changed_at": "2026-05-07T10:15:55.977Z"
  }
},
{
  "model": "orders.orderstatushistory",
  "pk": "ff9593df-4357-5669-9851-fddd3865fcaa",
  "fields": {
    "producer_order": "66b88177-c156-5855-aa5c-2925e8319945",
    "old_status": "ready",
    "new_status": "delivered",
    "notes": "",
    "changed_by": null,
    "changed_at": "2026-05-07T10:15:55.973Z"
  }
},
{
  "model": "orders.recurringordertemplate",
  "pk": "be93e618-b597-58ab-ab20-e4d7f52c98ee",
  "fields": {
    "customer": 5,
    "name": "Weekly Kitchen Supplies",
    "rrule": "FREQ=WEEKLY;BYDAY=MO",
    "active": true,
    "created_at": "2026-05-07T10:15:55.985Z"
  }
},
{
  "model": "orders.recurringorderitem",
  "pk": 1,
  "fields": {
    "template": "be93e618-b597-58ab-ab20-e4d7f52c98ee",
    "product": "a1b2c3d4-0001-0001-0001-000000000001",
    "quantity": 10
  }
},
{
  "model": "orders.recurringorderitem",
  "pk": 2,
  "fields": {
    "template": "be93e618-b597-58ab-ab20-e4d7f52c98ee",
    "product": "a1b2c3d4-0001-0001-0001-000000000006",
    "quantity": 8
  }
},
{
  "model": "orders.recurringorderitem",
  "pk": 3,
  "fields": {
    "template": "be93e618-b597-58ab-ab20-e4d7f52c98ee",
    "product": "a1b2c3d4-0001-0001-0001-000000000015",
    "quantity": 5
  }
},
{
  "model": "orders.recurringorderitem",
  "pk": 4,
  "fields": {
    "template": "be93e618-b597-58ab-ab20-e4d7f52c98ee",
    "product": "a1b2c3d4-0001-0001-0001-000000000020",
    "quantity": 6
  }
},
{
  "model": "orders.recurringorderinstance",
  "pk": "1910aaa2-6e3d-456e-a969-a5e8197c66d4",
  "fields": {
    "template": "be93e618-b597-58ab-ab20-e4d7f52c98ee",
    "scheduled_for": "2026-05-18",
    "customer_order": null,
    "status": "scheduled",
    "quantity_overrides": {},
    "created_at": "2026-05-07T11:02:17.464Z"
  }
},
{
  "model": "orders.recurringorderinstance",
  "pk": "f378b341-8cea-4cfd-803e-411335acf1e1",
  "fields": {
    "template": "be93e618-b597-58ab-ab20-e4d7f52c98ee",
    "scheduled_for": "2026-05-11",
    "customer_order": null,
    "status": "scheduled",
    "quantity_overrides": {},
    "created_at": "2026-05-07T11:02:17.462Z"
  }
},
{
  "model": "payments.paymenttransaction",
  "pk": "118f0ee8-6903-50f2-92cd-2d2ececf23b5",
  "fields": {
    "customer_order": "eaa94cfd-fc4c-5b10-a566-48a40b4ce20e",
    "provider": "mock",
    "provider_ref": "MOCK-ROB-2",
    "status": "captured",
    "amount_pence": 1144,
    "created_at": "2026-05-07T10:15:55.922Z",
    "updated_at": "2026-05-07T10:15:55.922Z"
  }
},
{
  "model": "payments.paymenttransaction",
  "pk": "1d6675ba-dc01-5371-b65c-53cbede1fe77",
  "fields": {
    "customer_order": "acb41aa5-3767-5eac-96db-726584a02f7a",
    "provider": "mock",
    "provider_ref": "MOCK-ROB-1",
    "status": "captured",
    "amount_pence": 1040,
    "created_at": "2026-05-07T10:15:55.911Z",
    "updated_at": "2026-05-07T10:15:55.911Z"
  }
},
{
  "model": "payments.paymenttransaction",
  "pk": "1f08f3d2-b8e3-5f7e-9bfe-9dffe4d1e688",
  "fields": {
    "customer_order": "af34feb3-ccc7-53a6-af07-800383d5dbaf",
    "provider": "mock",
    "provider_ref": "MOCK-EMILY-3",
    "status": "captured",
    "amount_pence": 1354,
    "created_at": "2026-05-07T10:15:55.963Z",
    "updated_at": "2026-05-07T10:15:55.963Z"
  }
},
{
  "model": "payments.paymenttransaction",
  "pk": "33a9402d-c063-510a-9ce4-dba6c55f0e83",
  "fields": {
    "customer_order": "c896b10b-9698-5b59-9b7b-0a017d89a01d",
    "provider": "mock",
    "provider_ref": "MOCK-CLIFTON-1",
    "status": "captured",
    "amount_pence": 8410,
    "created_at": "2026-05-07T10:15:55.984Z",
    "updated_at": "2026-05-07T10:15:55.984Z"
  }
},
{
  "model": "payments.paymenttransaction",
  "pk": "4755cb23-e60b-4aa0-9312-56603bf3ff13",
  "fields": {
    "customer_order": "090931e5-86e5-4b66-9b3f-8673e99e92c8",
    "provider": "mock",
    "provider_ref": "MOCK-0a6ceb41-8835-4ced-a6d3-3604bf36dfc7",
    "status": "captured",
    "amount_pence": 350,
    "created_at": "2026-03-17T21:40:58.374Z",
    "updated_at": "2026-03-17T21:40:58.374Z"
  }
},
{
  "model": "payments.paymenttransaction",
  "pk": "49cf7ee8-85f9-4400-83ac-9a8591680d5d",
  "fields": {
    "customer_order": "e218c739-371c-4466-97a5-23896f9966cc",
    "provider": "mock",
    "provider_ref": "MOCK-49e27c7b-68b9-4e73-ac44-5a86269ad16d",
    "status": "captured",
    "amount_pence": 700,
    "created_at": "2026-03-17T21:26:24.265Z",
    "updated_at": "2026-03-17T21:26:24.265Z"
  }
},
{
  "model": "payments.paymenttransaction",
  "pk": "63f6975b-2c8f-52a6-a584-c86f73409750",
  "fields": {
    "customer_order": "fd26a0ed-dbe1-52f3-bbe8-0f0b02ce7f08",
    "provider": "mock",
    "provider_ref": "MOCK-ROB-4",
    "status": "captured",
    "amount_pence": 1281,
    "created_at": "2026-05-07T10:15:55.940Z",
    "updated_at": "2026-05-07T10:15:55.940Z"
  }
},
{
  "model": "payments.paymenttransaction",
  "pk": "8d93b8c2-5031-56f8-a60c-87b1ce126b5c",
  "fields": {
    "customer_order": "decd3d54-53df-51ba-9bdb-074ae17e94a2",
    "provider": "mock",
    "provider_ref": "MOCK-ROB-3",
    "status": "captured",
    "amount_pence": 2048,
    "created_at": "2026-05-07T10:15:55.934Z",
    "updated_at": "2026-05-07T10:15:55.934Z"
  }
},
{
  "model": "payments.paymenttransaction",
  "pk": "a66d7fe5-f51a-425c-8b38-0e90f34903aa",
  "fields": {
    "customer_order": "db03ffd9-7273-4e14-9db0-2e545b06fd23",
    "provider": "mock",
    "provider_ref": "MOCK-c348ac97-949f-496e-a41d-c5cbb8cfcdaf",
    "status": "captured",
    "amount_pence": 700,
    "created_at": "2026-03-17T21:10:29.957Z",
    "updated_at": "2026-03-17T21:10:29.957Z"
  }
},
{
  "model": "payments.paymenttransaction",
  "pk": "b4886b3d-a91f-5842-9c46-757e76e5eed0",
  "fields": {
    "customer_order": "06f6ce02-bb7b-58de-a6fb-5823e6e112c8",
    "provider": "mock",
    "provider_ref": "MOCK-STMARYS-1",
    "status": "captured",
    "amount_pence": 16905,
    "created_at": "2026-05-07T10:15:55.974Z",
    "updated_at": "2026-05-07T10:15:55.974Z"
  }
},
{
  "model": "payments.paymenttransaction",
  "pk": "c6a52e3f-187b-5ed3-a643-6348115919b1",
  "fields": {
    "customer_order": "3616a232-4465-572b-be88-d350a586f861",
    "provider": "mock",
    "provider_ref": "MOCK-EMILY-1",
    "status": "captured",
    "amount_pence": 2058,
    "created_at": "2026-05-07T10:15:55.950Z",
    "updated_at": "2026-05-07T10:15:55.950Z"
  }
},
{
  "model": "payments.paymenttransaction",
  "pk": "fe326621-588e-5096-8e86-e5cd13f926cc",
  "fields": {
    "customer_order": "dfeac10b-6ccc-5cd2-9866-3a46b22a2846",
    "provider": "mock",
    "provider_ref": "MOCK-EMILY-2",
    "status": "captured",
    "amount_pence": 3518,
    "created_at": "2026-05-07T10:15:55.959Z",
    "updated_at": "2026-05-07T10:15:55.959Z"
  }
},
{
  "model": "payments.commissionpolicy",
  "pk": 1,
  "fields": {
    "rate_bp": 500,
    "valid_from": "2020-01-01",
    "valid_to": null,
    "created_at": "2026-03-17T16:53:54.735Z"
  }
},
{
  "model": "payments.ordercommission",
  "pk": "07414381-bd18-43fa-8350-2cc7ce7eda2a",
  "fields": {
    "customer_order": "e218c739-371c-4466-97a5-23896f9966cc",
    "commission_policy": 1,
    "gross_pence": 700,
    "commission_pence": 35,
    "net_pence": 665,
    "created_at": "2026-03-17T21:26:24.269Z"
  }
},
{
  "model": "payments.ordercommission",
  "pk": "11c1c589-313b-4c46-98ce-a15c5453c019",
  "fields": {
    "customer_order": "db03ffd9-7273-4e14-9db0-2e545b06fd23",
    "commission_policy": 1,
    "gross_pence": 700,
    "commission_pence": 35,
    "net_pence": 665,
    "created_at": "2026-03-17T21:10:29.962Z"
  }
},
{
  "model": "payments.ordercommission",
  "pk": "217f4b1f-ad6b-5abe-9a4e-1a6a6da41fed",
  "fields": {
    "customer_order": "3616a232-4465-572b-be88-d350a586f861",
    "commission_policy": 1,
    "gross_pence": 1960,
    "commission_pence": 98,
    "net_pence": 1862,
    "created_at": "2026-05-07T10:15:55.950Z"
  }
},
{
  "model": "payments.ordercommission",
  "pk": "309bc9d5-deeb-5842-b487-14e01623c9ee",
  "fields": {
    "customer_order": "06f6ce02-bb7b-58de-a6fb-5823e6e112c8",
    "commission_policy": 1,
    "gross_pence": 16100,
    "commission_pence": 805,
    "net_pence": 15295,
    "created_at": "2026-05-07T10:15:55.974Z"
  }
},
{
  "model": "payments.ordercommission",
  "pk": "3bd1c4fc-c7f1-5276-a6da-15aa5b2f257d",
  "fields": {
    "customer_order": "dfeac10b-6ccc-5cd2-9866-3a46b22a2846",
    "commission_policy": 1,
    "gross_pence": 3350,
    "commission_pence": 168,
    "net_pence": 3182,
    "created_at": "2026-05-07T10:15:55.960Z"
  }
},
{
  "model": "payments.ordercommission",
  "pk": "3f75a1c4-d066-5d8e-ad24-bdf89816982a",
  "fields": {
    "customer_order": "af34feb3-ccc7-53a6-af07-800383d5dbaf",
    "commission_policy": 1,
    "gross_pence": 1290,
    "commission_pence": 64,
    "net_pence": 1226,
    "created_at": "2026-05-07T10:15:55.964Z"
  }
},
{
  "model": "payments.ordercommission",
  "pk": "4cc5762e-d199-5769-a706-efcdf7afc9cb",
  "fields": {
    "customer_order": "fd26a0ed-dbe1-52f3-bbe8-0f0b02ce7f08",
    "commission_policy": 1,
    "gross_pence": 1220,
    "commission_pence": 61,
    "net_pence": 1159,
    "created_at": "2026-05-07T10:15:55.941Z"
  }
},
{
  "model": "payments.ordercommission",
  "pk": "868e955a-2b89-42ef-8c11-fcbb374a7c83",
  "fields": {
    "customer_order": "090931e5-86e5-4b66-9b3f-8673e99e92c8",
    "commission_policy": 1,
    "gross_pence": 350,
    "commission_pence": 18,
    "net_pence": 332,
    "created_at": "2026-03-17T21:40:58.378Z"
  }
},
{
  "model": "payments.ordercommission",
  "pk": "bfb01105-a7f2-5c60-b191-23f21dc26237",
  "fields": {
    "customer_order": "acb41aa5-3767-5eac-96db-726584a02f7a",
    "commission_policy": 1,
    "gross_pence": 990,
    "commission_pence": 50,
    "net_pence": 940,
    "created_at": "2026-05-07T10:15:55.912Z"
  }
},
{
  "model": "payments.ordercommission",
  "pk": "c4c269be-4cf9-5620-a1bf-21fe8794ee98",
  "fields": {
    "customer_order": "eaa94cfd-fc4c-5b10-a566-48a40b4ce20e",
    "commission_policy": 1,
    "gross_pence": 1090,
    "commission_pence": 54,
    "net_pence": 1036,
    "created_at": "2026-05-07T10:15:55.923Z"
  }
},
{
  "model": "payments.ordercommission",
  "pk": "f2189af2-802a-51fe-b553-f503fdcdc270",
  "fields": {
    "customer_order": "decd3d54-53df-51ba-9bdb-074ae17e94a2",
    "commission_policy": 1,
    "gross_pence": 1950,
    "commission_pence": 98,
    "net_pence": 1852,
    "created_at": "2026-05-07T10:15:55.935Z"
  }
},
{
  "model": "payments.ordercommission",
  "pk": "fafa9280-2f56-560e-9cc1-1d82f25f0b46",
  "fields": {
    "customer_order": "c896b10b-9698-5b59-9b7b-0a017d89a01d",
    "commission_policy": 1,
    "gross_pence": 8010,
    "commission_pence": 400,
    "net_pence": 7610,
    "created_at": "2026-05-07T10:15:55.984Z"
  }
},
{
  "model": "payments.settlementweek",
  "pk": "312cdd51-caa6-567f-9eea-27e142c5db7b",
  "fields": {
    "week_start": "2026-04-20",
    "week_end": "2026-04-26",
    "created_at": "2026-05-07T10:15:56Z"
  }
},
{
  "model": "payments.settlementweek",
  "pk": "6983a0ab-820f-4ccd-86d2-d4982fbdf239",
  "fields": {
    "week_start": "2026-03-16",
    "week_end": "2026-03-22",
    "created_at": "2026-03-17T21:24:00.313Z"
  }
},
{
  "model": "payments.settlementweek",
  "pk": "73423920-eab9-47f5-95f0-4b8b1679cedf",
  "fields": {
    "week_start": "2026-03-09",
    "week_end": "2026-03-15",
    "created_at": "2026-03-17T21:22:45.985Z"
  }
},
{
  "model": "payments.settlementweek",
  "pk": "ad3e3cbd-2a62-5758-8609-e1a0dd4ec8c8",
  "fields": {
    "week_start": "2026-04-27",
    "week_end": "2026-05-03",
    "created_at": "2026-05-07T10:15:55.989Z"
  }
},
{
  "model": "payments.producersettlement",
  "pk": "002dd80f-5141-5cb7-bf50-afe69516e373",
  "fields": {
    "settlement_week": "ad3e3cbd-2a62-5758-8609-e1a0dd4ec8c8",
    "producer": 8,
    "commission_pence": 19,
    "payout_pence": 361,
    "status": "pending",
    "processed_ref": "",
    "created_at": "2026-05-07T10:15:55.996Z"
  }
},
{
  "model": "payments.producersettlement",
  "pk": "04e7e630-0e48-5c1d-abd2-47ccb5580010",
  "fields": {
    "settlement_week": "ad3e3cbd-2a62-5758-8609-e1a0dd4ec8c8",
    "producer": 4,
    "commission_pence": 30,
    "payout_pence": 570,
    "status": "pending",
    "processed_ref": "",
    "created_at": "2026-05-07T10:15:55.997Z"
  }
},
{
  "model": "payments.producersettlement",
  "pk": "3b00c9d2-0544-52a2-8e12-5932d80f836d",
  "fields": {
    "settlement_week": "ad3e3cbd-2a62-5758-8609-e1a0dd4ec8c8",
    "producer": 7,
    "commission_pence": 35,
    "payout_pence": 665,
    "status": "pending",
    "processed_ref": "",
    "created_at": "2026-05-07T10:15:55.999Z"
  }
},
{
  "model": "payments.producersettlement",
  "pk": "400add3c-bfc9-5775-9c5a-b978625565f4",
  "fields": {
    "settlement_week": "312cdd51-caa6-567f-9eea-27e142c5db7b",
    "producer": 1,
    "commission_pence": 50,
    "payout_pence": 940,
    "status": "processed",
    "processed_ref": "",
    "created_at": "2026-05-07T10:15:56.001Z"
  }
},
{
  "model": "payments.producersettlement",
  "pk": "72a2b451-75b7-51db-baf0-ad9ada4a9364",
  "fields": {
    "settlement_week": "ad3e3cbd-2a62-5758-8609-e1a0dd4ec8c8",
    "producer": 6,
    "commission_pence": 32,
    "payout_pence": 618,
    "status": "pending",
    "processed_ref": "",
    "created_at": "2026-05-07T10:15:55.998Z"
  }
},
{
  "model": "payments.producersettlement",
  "pk": "793b28c3-866f-5975-ba15-d6633dbed998",
  "fields": {
    "settlement_week": "ad3e3cbd-2a62-5758-8609-e1a0dd4ec8c8",
    "producer": 5,
    "commission_pence": 90,
    "payout_pence": 1710,
    "status": "pending",
    "processed_ref": "",
    "created_at": "2026-05-07T10:15:55.991Z"
  }
},
{
  "model": "payments.producersettlement",
  "pk": "93ec4c1c-4212-5972-8c76-fc2285b169ba",
  "fields": {
    "settlement_week": "ad3e3cbd-2a62-5758-8609-e1a0dd4ec8c8",
    "producer": 3,
    "commission_pence": 375,
    "payout_pence": 7125,
    "status": "pending",
    "processed_ref": "",
    "created_at": "2026-05-07T10:15:55.995Z"
  }
},
{
  "model": "payments.producersettlement",
  "pk": "a0af947d-c9ee-5a69-9e4e-a43074dab868",
  "fields": {
    "settlement_week": "ad3e3cbd-2a62-5758-8609-e1a0dd4ec8c8",
    "producer": 1,
    "commission_pence": 173,
    "payout_pence": 3287,
    "status": "pending",
    "processed_ref": "",
    "created_at": "2026-05-07T10:15:55.994Z"
  }
},
{
  "model": "payments.producersettlement",
  "pk": "ccdfd20b-69ef-5e04-9c02-13b445f45ed8",
  "fields": {
    "settlement_week": "ad3e3cbd-2a62-5758-8609-e1a0dd4ec8c8",
    "producer": 2,
    "commission_pence": 138,
    "payout_pence": 2612,
    "status": "pending",
    "processed_ref": "",
    "created_at": "2026-05-07T10:15:55.992Z"
  }
},
{
  "model": "payments.producersettlement",
  "pk": "e91115ce-b9ec-4922-bbca-9d64c3216036",
  "fields": {
    "settlement_week": "6983a0ab-820f-4ccd-86d2-d4982fbdf239",
    "producer": 4,
    "commission_pence": 88,
    "payout_pence": 1662,
    "status": "pending",
    "processed_ref": "",
    "created_at": "2026-03-17T21:24:00.316Z"
  }
},
{
  "model": "payments.producerordersettlementlink",
  "pk": "f1337f94-f687-5ba2-af95-77b5d350a952",
  "fields": {
    "producer_settlement": "793b28c3-866f-5975-ba15-d6633dbed998"
  }
},
{
  "model": "payments.producerordersettlementlink",
  "pk": "0efb77d1-adbf-528c-878c-01e3f73f7cf1",
  "fields": {
    "producer_settlement": "ccdfd20b-69ef-5e04-9c02-13b445f45ed8"
  }
},
{
  "model": "payments.producerordersettlementlink",
  "pk": "d4cca7b8-31e2-5131-a0ed-d255a9a48859",
  "fields": {
    "producer_settlement": "a0af947d-c9ee-5a69-9e4e-a43074dab868"
  }
},
{
  "model": "payments.producerordersettlementlink",
  "pk": "ec93669d-4a68-5150-aebd-5e9fc4f9c92c",
  "fields": {
    "producer_settlement": "93ec4c1c-4212-5972-8c76-fc2285b169ba"
  }
},
{
  "model": "payments.producerordersettlementlink",
  "pk": "976beb6e-1a61-580f-8aaa-f218700b1ba6",
  "fields": {
    "producer_settlement": "002dd80f-5141-5cb7-bf50-afe69516e373"
  }
},
{
  "model": "payments.producerordersettlementlink",
  "pk": "a454822b-04b2-53f4-9b82-466c826200ce",
  "fields": {
    "producer_settlement": "04e7e630-0e48-5c1d-abd2-47ccb5580010"
  }
},
{
  "model": "payments.producerordersettlementlink",
  "pk": "5376edb2-7ed4-5a18-8fd0-b9959fb665b4",
  "fields": {
    "producer_settlement": "72a2b451-75b7-51db-baf0-ad9ada4a9364"
  }
},
{
  "model": "payments.producerordersettlementlink",
  "pk": "a0cc0315-8b57-57b8-9a83-388f868512c2",
  "fields": {
    "producer_settlement": "3b00c9d2-0544-52a2-8e12-5932d80f836d"
  }
},
{
  "model": "payments.producerordersettlementlink",
  "pk": "a212dbcd-86b7-5574-83de-7f2ddb6119dd",
  "fields": {
    "producer_settlement": "400add3c-bfc9-5775-9c5a-b978625565f4"
  }
},
{
  "model": "payments.producerordersettlementlink",
  "pk": "10191eaa-49d2-4515-a9af-f3a522a509a1",
  "fields": {
    "producer_settlement": "e91115ce-b9ec-4922-bbca-9d64c3216036"
  }
},
{
  "model": "payments.producerordersettlementlink",
  "pk": "2f8fca95-31e9-45ba-80df-a331b60b2078",
  "fields": {
    "producer_settlement": "e91115ce-b9ec-4922-bbca-9d64c3216036"
  }
},
{
  "model": "payments.producerordersettlementlink",
  "pk": "673d18da-4864-4a2d-8ac9-aae1aea4eec2",
  "fields": {
    "producer_settlement": "e91115ce-b9ec-4922-bbca-9d64c3216036"
  }
},
{
  "model": "notifications.notification",
  "pk": "09817e9b-6684-481a-99c2-df2d4788c3e1",
  "fields": {
    "user": 2,
    "type": "low_stock",
    "channel": "in_app",
    "title": "Out of Stock: Purple Sprouting Broccoli",
    "body": "Purple Sprouting Broccoli has reached 0 250g bunch. Customers can see the product but cannot order it. Restock to re-enable purchasing.",
    "data": {
      "product_id": "a1b2c3d4-0001-0001-0001-000000000028"
    },
    "is_read": false,
    "created_at": "2026-05-07T10:32:10.200Z"
  }
},
{
  "model": "reviews.productreview",
  "pk": "1e383307-0ec3-56a1-a4e7-7c7e1b3a9bf1",
  "fields": {
    "product": "a1b2c3d4-0001-0001-0001-000000000025",
    "customer": 3,
    "stars": 5,
    "title": "Beautiful wildflower honey",
    "body": "Wonderful floral notes. Perfect on toast and in tea.",
    "created_at": "2026-05-07T10:15:56.005Z"
  }
},
{
  "model": "reviews.productreview",
  "pk": "3d991ffb-50ed-52b2-9198-3de2285246f4",
  "fields": {
    "product": "a1b2c3d4-0001-0001-0001-000000000013",
    "customer": 2,
    "stars": 4,
    "title": "Lovely free range eggs",
    "body": "Rich yolks, great for baking. Consistent quality.",
    "created_at": "2026-05-07T10:15:56.005Z"
  }
},
{
  "model": "reviews.productreview",
  "pk": "574c232f-5aa8-5b64-b822-335b1de712d8",
  "fields": {
    "product": "a1b2c3d4-0001-0001-0001-000000000001",
    "customer": 2,
    "stars": 5,
    "title": "Excellent quality",
    "body": "Incredibly fresh and flavourful. Perfect for our family salads.",
    "created_at": "2026-05-07T10:15:56.003Z"
  }
},
{
  "model": "reviews.productreview",
  "pk": "f685ec57-6480-55c1-83b8-b58ee77581b3",
  "fields": {
    "product": "a1b2c3d4-0001-0001-0001-000000000015",
    "customer": 3,
    "stars": 5,
    "title": "Best cheddar in Bristol",
    "body": "Rich, mature flavour. Beats anything from the supermarket.",
    "created_at": "2026-05-07T10:15:56.004Z"
  }
},
{
  "model": "reviews.productreview",
  "pk": "fc31ac82-fe14-51d2-afe2-bdfdcb769676",
  "fields": {
    "product": "a1b2c3d4-0001-0001-0001-000000000014",
    "customer": 2,
    "stars": 4,
    "title": "Great local milk",
    "body": "Creamy and fresh, delivered on time. Will order again.",
    "created_at": "2026-05-07T10:15:56.004Z"
  }
},
{
  "model": "content.contentpost",
  "pk": "097c53a0-8994-53e4-9459-f2d10f0491cf",
  "fields": {
    "producer": 1,
    "kind": "recipe",
    "title": "Roasted Root Vegetable Medley",
    "body": "A hearty autumn dish featuring our organic carrots, parsnips and potatoes. Toss with olive oil, rosemary and garlic. Roast at 200C for 40 minutes. Finish with a drizzle of local honey for a caramelised glaze.",
    "seasonal_tag": "autumn",
    "image_url": "",
    "is_published": true,
    "created_at": "2026-05-07T10:15:56.008Z",
    "updated_at": "2026-05-07T10:15:56.008Z"
  }
},
{
  "model": "content.contentpost",
  "pk": "2da4c12c-05bb-502b-955d-a3f47338eb3f",
  "fields": {
    "producer": 1,
    "kind": "farm_story",
    "title": "Spring Planting at Bristol Valley Farm",
    "body": "This week we started planting our early season lettuces and salad leaves. The mild Bristol spring means we can get a head start on the season. We use companion planting with marigolds to keep pests away naturally.",
    "seasonal_tag": "spring",
    "image_url": "",
    "is_published": true,
    "created_at": "2026-05-07T10:15:56.012Z",
    "updated_at": "2026-05-07T10:15:56.012Z"
  }
},
{
  "model": "content.contentpost",
  "pk": "8bb63c2b-7ea7-51b6-b24f-928f27fb2b0d",
  "fields": {
    "producer": 2,
    "kind": "storage_guide",
    "title": "How to Store Dairy Products",
    "body": "Keep milk at 1-4C and use within 3 days of delivery for best freshness. Hard cheeses like our cheddar can be wrapped in wax paper and refrigerated for up to 2 weeks. Yoghurt keeps well sealed for 5-7 days.",
    "seasonal_tag": "all_year",
    "image_url": "",
    "is_published": true,
    "created_at": "2026-05-07T10:15:56.013Z",
    "updated_at": "2026-05-07T10:15:56.013Z"
  }
},
{
  "model": "content.contentpost",
  "pk": "ea215ba8-f5aa-52ec-a584-bc0865633f37",
  "fields": {
    "producer": 5,
    "kind": "recipe",
    "title": "Perfect Sourdough Toast with Local Honey",
    "body": "Slice our sourdough thick (2cm), toast until golden. Spread with good butter and drizzle with Hartcliffe wildflower honey. A simple breakfast that showcases the best of Bristol produce.",
    "seasonal_tag": "all_year",
    "image_url": "",
    "is_published": true,
    "created_at": "2026-05-07T10:15:56.016Z",
    "updated_at": "2026-05-07T10:15:56.016Z"
  }
},
{
  "model": "content.contentproductlink",
  "pk": 1,
  "fields": {
    "content": "097c53a0-8994-53e4-9459-f2d10f0491cf",
    "product": "a1b2c3d4-0001-0001-0001-000000000001"
  }
},
{
  "model": "content.contentproductlink",
  "pk": 2,
  "fields": {
    "content": "097c53a0-8994-53e4-9459-f2d10f0491cf",
    "product": "a1b2c3d4-0001-0001-0001-000000000007"
  }
},
{
  "model": "content.contentproductlink",
  "pk": 3,
  "fields": {
    "content": "097c53a0-8994-53e4-9459-f2d10f0491cf",
    "product": "a1b2c3d4-0001-0001-0001-000000000025"
  }
},
{
  "model": "content.contentproductlink",
  "pk": 4,
  "fields": {
    "content": "2da4c12c-05bb-502b-955d-a3f47338eb3f",
    "product": "a1b2c3d4-0001-0001-0001-000000000006"
  }
},
{
  "model": "content.contentproductlink",
  "pk": 5,
  "fields": {
    "content": "8bb63c2b-7ea7-51b6-b24f-928f27fb2b0d",
    "product": "a1b2c3d4-0001-0001-0001-000000000014"
  }
},
{
  "model": "content.contentproductlink",
  "pk": 6,
  "fields": {
    "content": "8bb63c2b-7ea7-51b6-b24f-928f27fb2b0d",
    "product": "a1b2c3d4-0001-0001-0001-000000000015"
  }
},
{
  "model": "content.contentproductlink",
  "pk": 7,
  "fields": {
    "content": "ea215ba8-f5aa-52ec-a584-bc0865633f37",
    "product": "a1b2c3d4-0001-0001-0001-000000000020"
  }
},
{
  "model": "content.contentproductlink",
  "pk": 8,
  "fields": {
    "content": "ea215ba8-f5aa-52ec-a584-bc0865633f37",
    "product": "a1b2c3d4-0001-0001-0001-000000000025"
  }
}
]
